Gene stable ID	Gene start (bp)	Gene end (bp)	Chromosome/scaffold name	gene_length_bp
ENSG00000000419	50934852	50959140	20	24289
ENSG00000002330	64269828	64291946	11	22119
ENSG00000002586	2690988	2741312	X	50325
ENSG00000002834	38869185	38921771	17	52587
ENSG00000003056	8940358	8951856	12	11499
ENSG00000003756	50088919	50119021	3	30103
ENSG00000004059	127588370	127591700	7	3331
ENSG00000004455	33007986	33080996	1	73011
ENSG00000004487	23019395	23083693	1	64299
ENSG00000004779	23581014	23596319	16	15306
ENSG00000004897	47117703	47189422	17	71720
ENSG00000004975	7225342	7234524	17	9183
ENSG00000005022	119468395	119471396	X	3002
ENSG00000005075	102473128	102478929	7	5802
ENSG00000005339	3725054	3880713	16	155660
ENSG00000005486	75842602	75888927	7	46326
ENSG00000005810	77042474	77327094	13	284621
ENSG00000005812	76992598	77027195	13	34598
ENSG00000005893	120426148	120469365	X	43218
ENSG00000006007	19501693	19522123	16	20431
ENSG00000006451	39623445	39708124	7	84680
ENSG00000006652	112422887	112481017	7	58131
ENSG00000006712	39385629	39391154	19	5526
ENSG00000006831	1688574	1788680	12	100107
ENSG00000007080	17932588	17944914	19	12327
ENSG00000007168	2593183	2685616	17	92434
ENSG00000007202	28614440	28645454	17	31015
ENSG00000007520	1349237	1351878	16	2642
ENSG00000007923	6634168	6701924	1	67757
ENSG00000008018	170535116	170553327	6	18212
ENSG00000008282	106090500	106112589	7	22090
ENSG00000008294	50962174	51120926	17	158753
ENSG00000008324	42581840	42596934	3	15095
ENSG00000008952	169966635	169998373	3	31739
ENSG00000008988	56067254	56074510	8	7257
ENSG00000009307	114716913	114758704	1	41792
ENSG00000009335	157138922	157269372	7	130451
ENSG00000009954	73440406	73522293	7	81888
ENSG00000010017	13621498	13712087	6	90590
ENSG00000010404	149476988	149521096	X	44109
ENSG00000011007	23743448	23762059	1	18612
ENSG00000011260	51260491	51297936	17	37446
ENSG00000011275	5620047	5781696	7	161650
ENSG00000011454	122940833	123104869	9	164037
ENSG00000011485	46347003	46392981	19	45979
ENSG00000012822	53708517	53727745	12	19229
ENSG00000014123	96521595	96555276	6	33682
ENSG00000014164	143437655	143541455	8	103801
ENSG00000014824	41990496	42090461	4	99966
ENSG00000014919	99710868	99732160	10	21293
ENSG00000017797	9474991	9538114	18	63124
ENSG00000019995	124942123	124988189	10	46067
ENSG00000020426	60734742	60969965	14	235224
ENSG00000022277	56468585	56519449	20	50865
ENSG00000022840	120533480	120577588	12	44109
ENSG00000023041	112424428	112447631	10	23204
ENSG00000023318	99979185	100099052	9	119868
ENSG00000023572	193090866	193106114	1	15249
ENSG00000023734	15882356	15903478	12	21123
ENSG00000025800	32108056	32176563	1	68508
ENSG00000027697	137197483	137219449	6	21967
ENSG00000027847	177600114	177611056	5	10943
ENSG00000028528	64094123	64146090	15	51968
ENSG00000030582	44345108	44353106	17	7999
ENSG00000031698	109213844	109238773	1	24930
ENSG00000033050	151211484	151227241	7	15758
ENSG00000034510	84904923	84906680	2	1758
ENSG00000034677	100257059	100336218	8	79160
ENSG00000034713	75566375	75577881	16	11507
ENSG00000035687	244408494	244451909	1	43416
ENSG00000036257	224470150	224585397	2	115248
ENSG00000037637	16246840	16352487	1	105648
ENSG00000039123	55307736	55426065	5	118330
ENSG00000041802	194640791	194672463	3	31673
ENSG00000042753	46838136	46850882	19	12747
ENSG00000047410	186311652	186375693	1	64042
ENSG00000047849	47850678	48089295	3	238618
ENSG00000048544	42206694	42217881	6	11188
ENSG00000049245	7771296	7781432	1	10137
ENSG00000049449	32090971	32105722	11	14752
ENSG00000049656	1317744	1345099	5	27356
ENSG00000051108	56930815	56944864	16	14050
ENSG00000053371	19301991	19312144	1	10154
ENSG00000053372	19251796	19260128	1	8333
ENSG00000053501	17215346	17220237	19	4892
ENSG00000054116	36136570	36156053	1	19484
ENSG00000054118	36224392	36305376	1	80985
ENSG00000054965	73400487	73598189	11	197703
ENSG00000055044	202265725	202303666	2	37942
ENSG00000055130	148697914	148801110	7	103197
ENSG00000055211	149566206	149591748	6	25543
ENSG00000055917	20248691	20352234	2	103544
ENSG00000055950	100969458	100990450	10	20993
ENSG00000056050	169729468	169757944	4	28477
ENSG00000056586	122844556	122905513	9	60958
ENSG00000057608	5765221	5842132	10	76912
ENSG00000057757	23778393	23788232	1	9840
ENSG00000058673	203795623	203854999	1	59377
ENSG00000060237	752536	911452	12	158917
ENSG00000060491	62804178	62814000	20	9823
ENSG00000061936	131711081	131799738	12	88658
ENSG00000062194	57173821	57265668	5	91848
ENSG00000062582	43866557	43869893	7	3337
ENSG00000063046	53006279	53042230	12	35952
ENSG00000063177	48615284	48619213	19	3930
ENSG00000063241	55452975	55462343	19	9369
ENSG00000063244	55654146	55674716	19	20571
ENSG00000063245	55675109	55709858	19	34750
ENSG00000063322	39391303	39400641	19	9339
ENSG00000063854	1795620	1827157	16	31538
ENSG00000064726	83016423	83067281	15	50859
ENSG00000064995	34877462	34889192	6	11731
ENSG00000064999	34889243	35091421	6	202179
ENSG00000065150	97953658	98024296	13	70639
ENSG00000065427	75627472	75648663	16	21192
ENSG00000065491	37257772	37332970	6	75199
ENSG00000065518	120596303	120602507	3	6205
ENSG00000065526	15836095	15940456	1	104362
ENSG00000065548	186486222	186511929	2	25708
ENSG00000065970	8032698	8055522	12	22825
ENSG00000065978	42682408	42703805	1	21398
ENSG00000066027	212285357	212361863	1	76507
ENSG00000066044	7958573	8006062	19	47490
ENSG00000066136	40691570	40771606	1	80037
ENSG00000066322	43363396	43368075	1	4680
ENSG00000066455	92794230	92839963	14	45734
ENSG00000067167	70573218	70608449	8	35232
ENSG00000067248	55256055	55307707	5	51653
ENSG00000067560	49359136	49412998	3	53863
ENSG00000067829	153785735	153794535	X	8801
ENSG00000068028	50329782	50340980	3	11199
ENSG00000068120	42561467	42566277	17	4811
ENSG00000068308	48922024	48958386	X	36363
ENSG00000068323	49028726	49043476	X	14751
ENSG00000068394	49113396	49123746	X	10351
ENSG00000068697	20032649	20051693	2	19045
ENSG00000068745	48688003	48740353	3	52351
ENSG00000068903	38878555	38900501	19	21947
ENSG00000068912	53787009	53833038	2	46030
ENSG00000068971	64917553	64934480	11	16928
ENSG00000069248	229440259	229508356	1	68098
ENSG00000069275	205712822	205750270	1	37449
ENSG00000069345	46955362	46973704	16	18343
ENSG00000070047	576170	612225	11	36056
ENSG00000070423	647526	663233	19	15708
ENSG00000070610	35736864	35749986	9	13123
ENSG00000070614	150485648	150558211	5	72564
ENSG00000070756	100685816	100722809	8	36994
ENSG00000070770	58157907	58198191	16	40285
ENSG00000070785	44850522	44986722	1	136201
ENSG00000070831	22052627	22101360	1	48734
ENSG00000071082	101002229	101024032	2	21804
ENSG00000071462	73683568	73698228	7	14661
ENSG00000071537	81471547	81533863	14	62317
ENSG00000071553	154428618	154436517	X	7900
ENSG00000071859	154444103	154450654	X	6552
ENSG00000072062	14091688	14118084	19	26397
ENSG00000072364	132875395	132963634	5	88240
ENSG00000072501	53374149	53422728	X	48580
ENSG00000073921	85957171	86069882	11	112712
ENSG00000074071	1771890	1773158	16	1269
ENSG00000074201	77514936	77637809	11	122874
ENSG00000074695	59327823	59359265	18	31443
ENSG00000074800	8860977	8879289	1	18313
ENSG00000074842	4641374	4670365	19	28992
ENSG00000075415	98592455	98606379	12	13925
ENSG00000075568	97756333	97996226	2	239894
ENSG00000075785	128693669	128825942	3	132274
ENSG00000075856	108522214	108561400	12	39187
ENSG00000075975	12557020	12586208	3	29189
ENSG00000076685	103087141	103277605	10	190465
ENSG00000077147	96518110	96587452	10	69343
ENSG00000077312	40750585	40765393	19	14809
ENSG00000077454	100574011	100586161	7	12151
ENSG00000077721	119474802	119591083	X	116282
ENSG00000078061	47561182	47571921	X	10740
ENSG00000078140	39698109	39782792	4	84684
ENSG00000078304	101761682	101927989	14	166308
ENSG00000078369	1785285	1892292	1	107008
ENSG00000078668	42391624	42405937	8	14314
ENSG00000078674	17922746	18029996	8	107251
ENSG00000078747	34363235	34511773	20	148539
ENSG00000078808	1216887	1238870	1	21984
ENSG00000078902	1274371	1310258	11	35888
ENSG00000079246	216107464	216206303	2	98840
ENSG00000079313	1815248	1848493	19	33246
ENSG00000079332	70147289	70170905	10	23617
ENSG00000079432	42268537	42295801	19	27265
ENSG00000079785	15591178	15634346	2	43169
ENSG00000079999	10486119	10503558	19	17440
ENSG00000080845	36306302	36528637	20	222336
ENSG00000081791	141923819	141946919	5	23101
ENSG00000082153	200810594	200827338	2	16745
ENSG00000082515	154941073	154969411	5	28339
ENSG00000082996	149809445	149962153	3	152709
ENSG00000083444	11934205	11975542	1	41338
ENSG00000083845	58380570	58394807	19	14238
ENSG00000083896	68310387	68350098	4	39712
ENSG00000083937	87227271	87255556	3	28286
ENSG00000084073	40258041	40294180	1	36140
ENSG00000084463	14784582	14803500	12	18919
ENSG00000084623	32221077	32245397	1	24321
ENSG00000084754	26190635	26245044	2	54410
ENSG00000085063	33703010	33736639	11	33630
ENSG00000085377	105273218	105454062	6	180845
ENSG00000085449	223855716	223945357	2	89642
ENSG00000085721	15060022	15094311	16	34290
ENSG00000085998	46188681	46220305	1	31625
ENSG00000086061	33025206	33039916	9	14711
ENSG00000086065	33264017	33282071	9	18055
ENSG00000086102	33290428	33371872	9	81445
ENSG00000086189	62347284	62403943	5	56660
ENSG00000086232	6022247	6059231	7	36985
ENSG00000086475	13317425	13348596	10	31172
ENSG00000086504	365916	371289	16	5374
ENSG00000086598	123584526	123598582	12	14057
ENSG00000086758	53532096	53686752	X	154657
ENSG00000087191	63827152	63832244	17	5093
ENSG00000087269	2937933	2963406	4	25474
ENSG00000087274	2843576	2930082	4	86507
ENSG00000087302	51989441	52010694	14	21254
ENSG00000087365	66050729	66069308	11	18580
ENSG00000088205	117814673	117832379	2	17707
ENSG00000088247	6413102	6424811	19	11710
ENSG00000088448	110878540	110915071	13	36532
ENSG00000088812	3471018	3651118	20	180101
ENSG00000088832	1368977	1393164	20	24188
ENSG00000088986	120469804	120498495	12	28692
ENSG00000089063	5068232	5113452	20	45221
ENSG00000089154	120127202	120194976	12	67775
ENSG00000089157	120196699	120201235	12	4537
ENSG00000089220	118136071	118145584	12	9514
ENSG00000089248	112012815	112025268	12	12454
ENSG00000089289	70133345	70166324	X	32980
ENSG00000089693	6747986	6768932	12	20947
ENSG00000090060	96501433	96567118	14	65686
ENSG00000090061	99481169	99535044	14	53876
ENSG00000090266	140690777	140723923	7	33147
ENSG00000090273	26900238	26946885	1	46648
ENSG00000090316	1289876	1340147	4	50272
ENSG00000090372	46719511	46746994	19	27484
ENSG00000090432	20499445	20508151	1	8707
ENSG00000090470	65117379	65133808	15	16430
ENSG00000090520	186567403	186585800	3	18398
ENSG00000090581	1351931	1365737	16	13807
ENSG00000090615	132768902	132829143	12	60242
ENSG00000090621	39560709	39576868	1	16160
ENSG00000090686	21678298	21783606	1	105309
ENSG00000090861	70251983	70289707	16	37725
ENSG00000090863	74447427	74607144	16	159718
ENSG00000091140	107891162	107931730	7	40569
ENSG00000091164	56597209	56651600	18	54392
ENSG00000091527	133573686	133590261	3	16576
ENSG00000091542	18183078	18209954	17	26877
ENSG00000091640	4959226	4967825	17	8600
ENSG00000091947	44011188	44023946	17	12759
ENSG00000092010	24136156	24138967	14	2812
ENSG00000092148	31100115	31208381	14	108267
ENSG00000092199	21207375	21269792	14	62418
ENSG00000092330	24238286	24242663	14	4378
ENSG00000092841	56158345	56163496	12	5152
ENSG00000093010	19941371	19969975	22	28605
ENSG00000093183	42547969	42601168	3	53200
ENSG00000094880	138187644	138213343	5	25700
ENSG00000095059	12673411	12681894	19	8484
ENSG00000095139	118572390	118603033	11	30644
ENSG00000095261	120815496	120842984	9	27489
ENSG00000095574	122990806	123008826	10	18021
ENSG00000095787	28532493	28623112	10	90620
ENSG00000096080	43671202	43687800	6	16599
ENSG00000096384	44245808	44253888	6	8081
ENSG00000096401	44387565	44450425	6	62861
ENSG00000096746	68331174	68344002	10	12829
ENSG00000097033	86704520	86748184	1	43665
ENSG00000099203	10832067	10836318	19	4252
ENSG00000099341	38374563	38383850	19	9288
ENSG00000099381	30957294	30984664	16	27371
ENSG00000099385	30833626	30894302	16	60677
ENSG00000099622	1259384	1274880	19	15497
ENSG00000099624	1241746	1244825	19	3080
ENSG00000099783	8444767	8489114	19	44348
ENSG00000099795	14566078	14572066	19	5989
ENSG00000099800	2425625	2427588	19	1964
ENSG00000099804	531721	542092	19	10372
ENSG00000099901	20115877	20127355	22	11479
ENSG00000099940	20858537	20891214	22	32678
ENSG00000099942	20917407	20953747	22	36341
ENSG00000099956	23786931	23838009	22	51079
ENSG00000100028	24555957	24584044	22	28088
ENSG00000100030	21755537	21867680	22	112144
ENSG00000100142	37952607	38041915	22	89309
ENSG00000100201	38483438	38507660	22	24223
ENSG00000100211	38656375	38673868	22	17494
ENSG00000100216	38681924	38685421	22	3498
ENSG00000100220	32387576	32412265	22	24690
ENSG00000100221	38685543	38701556	22	16014
ENSG00000100226	38705742	38738299	22	32558
ENSG00000100239	50343300	50445090	22	101791
ENSG00000100241	50443219	50483923	22	40705
ENSG00000100243	42615730	42720870	22	105141
ENSG00000100258	50502947	50507732	22	4786
ENSG00000100266	42835412	43015185	22	179774
ENSG00000100324	39399778	39437060	22	37283
ENSG00000100335	39499432	39518132	22	18701
ENSG00000100345	36281279	36388010	22	106732
ENSG00000100347	43955399	44010531	22	55133
ENSG00000100348	36466895	36482072	22	15178
ENSG00000100353	36510850	36529245	22	18396
ENSG00000100359	40370564	40410289	22	39726
ENSG00000100380	40824535	40856690	22	32156
ENSG00000100387	40951277	40973539	22	22263
ENSG00000100401	41244779	41286272	22	41494
ENSG00000100410	41459705	41468711	22	9007
ENSG00000100417	41576896	41595275	22	18380
ENSG00000100418	41598028	41621081	22	23054
ENSG00000100422	46684410	46738267	22	53858
ENSG00000100439	22598249	22612963	14	14715
ENSG00000100441	24423052	24441843	14	18792
ENSG00000100485	50117130	50231906	14	114777
ENSG00000100564	67581955	67600286	14	18332
ENSG00000100567	58244740	58272012	14	27273
ENSG00000100568	67646904	67674903	14	28000
ENSG00000100591	77457743	77469482	14	11740
ENSG00000100605	92936914	93116458	14	179545
ENSG00000100632	69380123	69398334	14	18212
ENSG00000100647	69611591	69715144	14	103554
ENSG00000100711	103715730	103733669	14	17940
ENSG00000100726	1493329	1510459	16	17131
ENSG00000100764	90256527	90275429	14	18903
ENSG00000100804	23016543	23035230	14	18688
ENSG00000100811	100238298	100282788	14	44491
ENSG00000100836	23321457	23326163	14	4707
ENSG00000100897	24114010	24125614	14	11605
ENSG00000100902	35278633	35318734	14	40102
ENSG00000100911	24143362	24147570	14	4209
ENSG00000100941	39175163	39183220	14	8058
ENSG00000100982	45934678	45948023	20	13346
ENSG00000100991	34995209	35092868	20	97660
ENSG00000100997	25294742	25390866	20	96125
ENSG00000101152	63894641	63936031	20	41391
ENSG00000101160	58985686	59008238	20	22553
ENSG00000101161	63981072	64033106	20	52035
ENSG00000101166	59033143	59042897	20	9755
ENSG00000101182	62136728	62143452	20	6725
ENSG00000101189	62796473	62801729	20	5257
ENSG00000101193	62937060	62948589	20	11530
ENSG00000101266	472498	543835	20	71338
ENSG00000101290	5126879	5197887	20	71009
ENSG00000101346	32207851	32238658	20	30808
ENSG00000101365	2658393	2664219	20	5827
ENSG00000101367	32819769	32856284	20	36516
ENSG00000101421	33811345	33854366	20	43022
ENSG00000101439	23626706	23638556	20	11851
ENSG00000101444	34280268	34311802	20	31535
ENSG00000101457	45791946	45811427	20	19482
ENSG00000101557	158351	214629	18	56279
ENSG00000101558	9913916	9960021	18	46106
ENSG00000101608	3247481	3256260	18	8780
ENSG00000101843	108084202	108091619	X	7418
ENSG00000101856	119236244	119244468	X	8225
ENSG00000101940	48589838	48608869	X	19032
ENSG00000101997	49235444	49250526	X	15083
ENSG00000102119	154379244	154381574	X	2331
ENSG00000102158	77825747	77899271	X	73525
ENSG00000102178	154483717	154486615	X	2899
ENSG00000102226	47232866	47248328	X	15463
ENSG00000102241	136496932	136513181	X	16250
ENSG00000102309	72181353	72302926	X	121574
ENSG00000102316	54807599	54816015	X	8417
ENSG00000102390	76173034	76178755	X	5722
ENSG00000102401	101622797	101627843	X	5047
ENSG00000102572	98445185	98577940	13	132756
ENSG00000102580	95677114	95794988	13	117875
ENSG00000102753	49697744	49793068	13	95325
ENSG00000102805	76990660	77019143	13	28484
ENSG00000102858	4616493	4690977	16	74485
ENSG00000102882	30114105	30123506	16	9402
ENSG00000102898	67846867	67872569	16	25703
ENSG00000102910	48244267	48363122	16	118856
ENSG00000102921	48538726	48620148	16	81423
ENSG00000102931	57245259	57253635	16	8377
ENSG00000102978	57462660	57472009	16	9350
ENSG00000103005	57999546	58021618	16	22073
ENSG00000103018	69398402	69466264	16	67863
ENSG00000103035	74296809	74306288	16	9480
ENSG00000103066	68245304	68261063	16	15760
ENSG00000103091	74871362	75000173	16	128812
ENSG00000103266	679980	682870	16	2891
ENSG00000103274	10743786	10769353	16	25568
ENSG00000103275	1291357	1327018	16	35662
ENSG00000103342	11868128	11916082	16	47955
ENSG00000103353	23557721	23574394	16	16674
ENSG00000103363	2771414	2777290	16	5877
ENSG00000103365	23462213	23521995	16	59783
ENSG00000103423	4425805	4456775	16	30971
ENSG00000103429	14632830	14669237	16	36408
ENSG00000103495	29806106	29811164	16	5059
ENSG00000103496	31032889	31042975	16	10087
ENSG00000103502	29858357	29863414	16	5058
ENSG00000103507	31106107	31112791	16	6685
ENSG00000103510	31114489	31131393	16	16905
ENSG00000103512	14833721	14896157	16	62437
ENSG00000103671	64387748	64455305	15	67558
ENSG00000103769	65726054	65891989	15	165936
ENSG00000103978	42210447	42274128	15	63682
ENSG00000104131	44537098	44563029	15	25932
ENSG00000104133	44554818	44663688	15	108871
ENSG00000104221	37843268	37849861	8	6594
ENSG00000104331	56957931	56993867	8	35937
ENSG00000104388	60516936	60623644	8	106709
ENSG00000104408	108162787	108443496	8	280710
ENSG00000104412	108443601	108489196	8	45596
ENSG00000104442	65602456	65634217	8	31762
ENSG00000104522	143612617	143618048	8	5432
ENSG00000104529	143579697	143599541	8	19845
ENSG00000104613	19817339	19853282	8	35944
ENSG00000104671	30156319	30183639	8	27321
ENSG00000104679	23270120	23296279	8	26160
ENSG00000104695	30774096	30814314	8	40219
ENSG00000104756	25427847	25458476	8	30630
ENSG00000104765	26383037	26505636	8	122600
ENSG00000104823	38815417	38831874	19	16458
ENSG00000104852	49085164	49108613	19	23450
ENSG00000104853	44954585	44993341	19	38757
ENSG00000104866	45091396	45148077	19	56682
ENSG00000104897	2236823	2248672	19	11850
ENSG00000104964	3052909	3063107	19	10199
ENSG00000104969	2754711	2783390	19	28680
ENSG00000104973	49818277	49840383	19	22107
ENSG00000104979	13774454	13778773	19	4320
ENSG00000105058	16185380	16192048	19	6669
ENSG00000105063	55229776	55259070	19	29295
ENSG00000105185	32581188	32587453	19	6266
ENSG00000105193	39433136	39436131	19	2996
ENSG00000105202	39834453	39846440	19	11988
ENSG00000105220	34359480	34402413	19	42934
ENSG00000105221	40230317	40285536	19	55220
ENSG00000105223	40348453	40389472	19	41020
ENSG00000105229	4007695	4039386	19	31692
ENSG00000105248	4247080	4269091	19	22012
ENSG00000105254	36114289	36125947	19	11659
ENSG00000105258	36113709	36115213	19	1505
ENSG00000105298	3610645	3626815	19	16171
ENSG00000105321	47255980	47274055	19	18076
ENSG00000105323	41262496	41307787	19	45292
ENSG00000105325	3506277	3538334	19	32058
ENSG00000105372	41860255	41872925	19	12671
ENSG00000105373	47745520	47757058	19	11539
ENSG00000105379	51345161	51366449	19	21289
ENSG00000105401	10391090	10420185	19	29096
ENSG00000105402	47487637	47515091	19	27455
ENSG00000105404	41956681	41959370	19	2690
ENSG00000105438	48382575	48393837	19	11263
ENSG00000105518	11342776	11346518	19	3743
ENSG00000105568	52170936	52229518	19	58583
ENSG00000105583	12668073	12669430	19	1358
ENSG00000105612	12875209	12881595	19	6387
ENSG00000105617	54155161	54159721	19	4561
ENSG00000105640	17859868	17864153	19	4286
ENSG00000105656	18442663	18522116	19	79454
ENSG00000105669	18899514	18919400	19	19887
ENSG00000105671	18919700	18929189	19	9490
ENSG00000105677	35545600	35547527	19	1928
ENSG00000105698	35268962	35279821	19	10860
ENSG00000105700	18557683	18569387	19	11705
ENSG00000105701	18531751	18544264	19	12514
ENSG00000105723	42226225	42242625	19	16401
ENSG00000105819	103295717	103331818	7	36102
ENSG00000105887	135926760	135977375	7	50616
ENSG00000105953	44606549	44709070	7	102522
ENSG00000105968	44826791	44848146	7	21356
ENSG00000105993	157335381	157417440	7	82060
ENSG00000106009	2537810	2555782	7	17973
ENSG00000106028	141737456	141787922	7	50467
ENSG00000106052	27739331	27844564	7	105234
ENSG00000106153	56094567	56106505	7	11939
ENSG00000106244	99392048	99408665	7	16618
ENSG00000106245	99408615	99419618	7	11004
ENSG00000106261	100015570	100041689	7	26120
ENSG00000106263	2354086	2380747	7	26662
ENSG00000106299	123681938	123749003	7	67066
ENSG00000106397	101205977	101219968	7	13992
ENSG00000106400	101218161	101224190	7	6030
ENSG00000106588	42916828	42932223	7	15396
ENSG00000106591	42932346	42948958	7	16613
ENSG00000106609	66921171	66958551	7	37381
ENSG00000106615	151466012	151520120	7	54109
ENSG00000106628	44114631	44124407	7	9777
ENSG00000106636	44200959	44214294	7	13336
ENSG00000106682	74174231	74197122	7	22892
ENSG00000106771	109015135	109119974	9	104840
ENSG00000106803	99222064	99230615	9	8552
ENSG00000106993	4679559	4708399	9	28841
ENSG00000107164	130578965	130638354	9	59390
ENSG00000107175	35732296	35738886	9	6591
ENSG00000107185	35748613	35758600	9	9988
ENSG00000107223	136862115	136866312	9	4198
ENSG00000107262	33247820	33264720	9	16901
ENSG00000107341	33817160	33920399	9	103240
ENSG00000107404	1335276	1349945	1	14670
ENSG00000107581	119033670	119080835	10	47166
ENSG00000107625	68901264	68946847	10	45584
ENSG00000107669	121709393	121928801	10	219409
ENSG00000107672	121953334	121975257	10	21924
ENSG00000107816	100996539	101007852	10	11314
ENSG00000107829	101610663	101695295	10	84633
ENSG00000107854	91798426	91865475	10	67050
ENSG00000107862	102245371	102382899	10	137529
ENSG00000107874	102423242	102432718	10	9477
ENSG00000107929	806915	931821	10	124907
ENSG00000107949	125823525	125853695	10	30171
ENSG00000108010	130136385	130184521	10	48137
ENSG00000108055	110567680	110606048	10	38369
ENSG00000108107	55383856	55403250	19	19395
ENSG00000108175	79068929	79316550	10	247622
ENSG00000108256	29255839	29294148	17	38310
ENSG00000108298	39200283	39204840	17	4558
ENSG00000108344	39980800	39997960	17	17161
ENSG00000108349	40140278	40177001	17	36724
ENSG00000108406	59565558	59610481	17	44924
ENSG00000108424	47649476	47685505	17	36030
ENSG00000108433	46923075	46975524	17	52450
ENSG00000108468	48070052	48101485	17	31434
ENSG00000108510	61942605	62065278	17	122674
ENSG00000108518	4945652	4950517	17	4866
ENSG00000108523	4939997	4945222	17	5226
ENSG00000108528	4934570	4940156	17	5587
ENSG00000108588	63745255	63776351	17	31097
ENSG00000108592	63819433	63830012	17	10580
ENSG00000108599	19904302	19978343	17	74042
ENSG00000108604	63832081	63843065	17	10985
ENSG00000108671	32444379	32483319	17	38941
ENSG00000108828	43010692	43025123	17	14432
ENSG00000108829	50375059	50398227	17	23169
ENSG00000108848	50719565	50756219	17	36655
ENSG00000108946	68511780	68551319	17	39540
ENSG00000108953	1344275	1400255	17	55981
ENSG00000109046	27294067	27315926	17	21860
ENSG00000109079	28335602	28347009	17	11408
ENSG00000109111	28661929	28702682	17	40754
ENSG00000109118	28905250	28951771	17	46522
ENSG00000109332	102793516	102869287	4	75772
ENSG00000109445	141220280	141234697	4	14418
ENSG00000109475	108620508	108632886	4	12379
ENSG00000109519	7058643	7068145	4	9503
ENSG00000109536	189940842	189963207	4	22366
ENSG00000109572	169612438	169723673	4	111236
ENSG00000109606	24517441	24584603	4	67163
ENSG00000109756	159103013	159360174	4	257162
ENSG00000109919	47616697	47642698	11	26002
ENSG00000109920	47716494	47767443	11	50950
ENSG00000110011	64230158	64234286	11	4129
ENSG00000110048	59574398	59615781	11	41384
ENSG00000110107	60890547	60906603	11	16057
ENSG00000110321	10797050	10808940	11	11891
ENSG00000110651	2376166	2397802	11	21637
ENSG00000110700	17074385	17077727	11	3343
ENSG00000110711	67468174	67491154	11	22981
ENSG00000110717	68030617	68036647	11	6031
ENSG00000110851	107732867	107761327	12	28461
ENSG00000110871	120503279	120534434	12	31156
ENSG00000110906	109448655	109477359	12	28705
ENSG00000110917	120687125	120704282	12	17158
ENSG00000110925	51061205	51083664	12	22460
ENSG00000110958	56663338	56688408	12	25071
ENSG00000111011	122503454	122527100	12	23647
ENSG00000111229	110434582	110450422	12	15841
ENSG00000111231	110452486	110469268	12	16783
ENSG00000111237	110491083	110502111	12	11029
ENSG00000111276	12685498	12722373	12	36876
ENSG00000111328	123250112	123272334	12	22223
ENSG00000111361	123620406	123633766	12	13361
ENSG00000111481	54301202	54351848	12	50647
ENSG00000111530	67269358	67319953	12	50596
ENSG00000111639	6491886	6493846	12	1961
ENSG00000111640	6534012	6538930	12	4919
ENSG00000111669	6867119	6870948	12	3830
ENSG00000111676	6924463	6942322	12	17860
ENSG00000111678	6942938	6946003	12	3066
ENSG00000111726	22046174	22065674	12	19501
ENSG00000111737	120095094	120117502	12	22409
ENSG00000111775	120438090	120440742	12	2653
ENSG00000111786	120456138	120495946	12	39809
ENSG00000111843	10722915	10731132	6	8218
ENSG00000111897	122443348	122471854	6	28507
ENSG00000111906	125219962	125302128	6	82167
ENSG00000111911	125956733	125980244	6	23512
ENSG00000112078	36442767	36491143	6	48377
ENSG00000112079	36493880	36547516	6	53637
ENSG00000112081	36593787	36605911	6	12125
ENSG00000112110	159789812	159799027	6	9216
ENSG00000112118	52264011	52284881	6	20871
ENSG00000112305	70667776	70862015	6	194240
ENSG00000112306	132814557	132817577	6	3021
ENSG00000112308	24704856	24720874	6	16019
ENSG00000112335	108211222	108261255	6	50034
ENSG00000112473	33200305	33204439	6	4135
ENSG00000112511	33410382	33416453	6	6072
ENSG00000112514	33416442	33418381	6	1940
ENSG00000112667	43225629	43229484	6	3856
ENSG00000112679	291630	351355	6	59726
ENSG00000112685	485133	693169	6	208037
ENSG00000112697	75252924	75284948	6	32025
ENSG00000112941	6713291	6757045	5	43755
ENSG00000112977	10679230	10761273	5	82044
ENSG00000112996	44808947	44820428	5	11482
ENSG00000113013	138553756	138575675	5	21920
ENSG00000113068	140245035	140303113	5	58079
ENSG00000113141	140647058	140662480	5	15423
ENSG00000113194	176447628	176510075	5	62448
ENSG00000113312	160009100	160065550	5	56451
ENSG00000113384	32124712	32174319	5	49608
ENSG00000113387	32531633	32604507	5	72875
ENSG00000113558	134148935	134177029	5	28095
ENSG00000113575	134193978	134226083	5	32106
ENSG00000113583	133955510	133968674	5	13165
ENSG00000113648	135333609	135400023	5	66415
ENSG00000113712	149492982	149551471	5	58490
ENSG00000113716	150000046	150053142	5	53097
ENSG00000113719	172834251	172952792	5	118542
ENSG00000113732	172983771	173035445	5	51675
ENSG00000113811	53884417	53891885	3	7469
ENSG00000114023	122384161	122412334	3	28174
ENSG00000114030	122421902	122514947	3	93046
ENSG00000114125	141738249	141747560	3	9312
ENSG00000114302	48744591	48847874	3	103284
ENSG00000114316	49277144	49340712	3	63569
ENSG00000114353	50226292	50259362	3	33071
ENSG00000114354	100709295	100748965	3	39671
ENSG00000114383	50320027	50328251	3	8225
ENSG00000114391	101681091	101686757	3	5667
ENSG00000114503	196935402	196942594	3	7193
ENSG00000114544	126005662	126101561	3	95900
ENSG00000114686	131462202	131502983	3	40782
ENSG00000114767	51933425	51941944	3	8520
ENSG00000114784	40309707	40312424	3	2718
ENSG00000114850	156539553	156559474	3	19922
ENSG00000114942	206159585	206162932	2	3348
ENSG00000114978	74152528	74178932	2	26405
ENSG00000114988	96704993	96740084	2	35092
ENSG00000115053	231453531	231483641	2	30111
ENSG00000115073	97655939	97664114	2	8176
ENSG00000115091	113889600	113962596	2	72997
ENSG00000115128	24067579	24076464	2	8886
ENSG00000115216	27427790	27442260	2	14471
ENSG00000115233	161308414	161411720	2	103307
ENSG00000115234	27370496	27377535	2	7040
ENSG00000115268	1438354	1440497	19	2144
ENSG00000115274	74455087	74457944	2	2858
ENSG00000115368	189441429	189479063	2	37635
ENSG00000115446	98608434	98618515	2	10082
ENSG00000115464	61187463	61471087	2	283625
ENSG00000115484	61868085	61888696	2	20612
ENSG00000115514	99318982	99340702	2	21721
ENSG00000115520	197453493	197475310	2	21818
ENSG00000115524	197388515	197435079	2	46565
ENSG00000115541	197500140	197503461	2	3322
ENSG00000115561	86503430	86563507	2	60078
ENSG00000115649	219170704	219182664	2	11961
ENSG00000115677	241227264	241317061	2	89798
ENSG00000115685	241149576	241183652	2	34077
ENSG00000115806	170928464	170967135	2	38672
ENSG00000115816	37201570	37231601	2	30032
ENSG00000115839	135052283	135176667	2	124385
ENSG00000115866	135905881	135986100	2	80220
ENSG00000115944	42333546	42425088	2	91543
ENSG00000115946	68157888	68176238	2	18351
ENSG00000115993	201377207	201453449	2	76243
ENSG00000116005	70257386	70281185	2	23800
ENSG00000116030	202206182	202238599	2	32418
ENSG00000116199	179025804	179076567	1	50764
ENSG00000116209	54026681	54053504	1	26824
ENSG00000116212	53946045	53968168	1	22124
ENSG00000116221	54184041	54225464	1	41424
ENSG00000116237	6221193	6235972	1	14780
ENSG00000116251	6185020	6209389	1	24370
ENSG00000116260	180154869	180204030	1	49162
ENSG00000116266	108746634	108809525	1	62892
ENSG00000116273	6613731	6624030	1	10300
ENSG00000116288	7954264	7985505	1	31242
ENSG00000116350	29147743	29181922	1	34180
ENSG00000116473	111542218	111716691	1	174474
ENSG00000116489	112619173	112671616	1	52444
ENSG00000116521	155255979	155262433	1	6455
ENSG00000116539	155335268	155563162	1	227895
ENSG00000116560	35176378	35193446	1	17069
ENSG00000116586	156054738	156058510	1	3773
ENSG00000116649	11054584	11060053	1	5470
ENSG00000116670	11657230	11692605	1	35376
ENSG00000116685	11919591	11926428	1	6838
ENSG00000116688	11980181	12015211	1	35031
ENSG00000116691	12019466	12032046	1	12581
ENSG00000116752	114567552	114581648	1	14097
ENSG00000116754	70205670	70253052	1	47383
ENSG00000116809	15940403	15976132	1	35730
ENSG00000116857	201134772	201172330	1	37559
ENSG00000116906	231241196	231277973	1	36778
ENSG00000116918	231528541	231566524	1	37984
ENSG00000116954	38838198	38859772	1	21575
ENSG00000117118	17018664	17054151	1	35488
ENSG00000117133	84479257	84498352	1	19096
ENSG00000117360	150321479	150353233	1	31755
ENSG00000117362	150265399	150269580	1	4182
ENSG00000117395	43164175	43270936	1	106762
ENSG00000117408	43946830	43968024	1	21195
ENSG00000117410	43974487	43978295	1	3809
ENSG00000117419	44221070	44355267	1	134198
ENSG00000117448	45550475	45570051	1	19577
ENSG00000117450	45510914	45542816	1	31903
ENSG00000117592	173476814	173489064	1	12251
ENSG00000117614	25222276	25232504	1	10229
ENSG00000117640	25818640	25832947	1	14308
ENSG00000117691	212432853	212446379	1	13527
ENSG00000117713	26693236	26782104	1	88869
ENSG00000117748	27891524	27914746	1	23223
ENSG00000117751	27830782	27851676	1	20895
ENSG00000117758	27773195	27824443	1	51249
ENSG00000117862	52020130	52055772	1	35643
ENSG00000117868	158730995	158830253	7	99259
ENSG00000117984	1752752	1764573	11	11822
ENSG00000118046	1177558	1228431	19	50874
ENSG00000118181	119015508	119018724	11	3217
ENSG00000118217	161766261	161977574	1	211314
ENSG00000118363	74949259	74979033	11	29775
ENSG00000118418	79200929	79234862	6	33934
ENSG00000118564	15604381	15681679	4	77299
ENSG00000118579	17614641	17634105	4	19465
ENSG00000118680	3261479	3278461	18	16983
ENSG00000118705	37178396	37241624	20	63229
ENSG00000118816	77047155	77076319	4	29165
ENSG00000119013	201071433	201085754	2	14322
ENSG00000119041	196761062	196799725	2	38664
ENSG00000119048	134371184	134393959	5	22776
ENSG00000119231	196867856	196934718	3	66863
ENSG00000119318	107283137	107332192	9	49056
ENSG00000119328	108934400	108950744	9	16345
ENSG00000119335	128683424	128696400	9	12977
ENSG00000119392	128504655	128543874	9	39220
ENSG00000119396	121178133	121223014	9	44882
ENSG00000119402	120751978	120793438	9	41461
ENSG00000119414	125146573	125189939	9	43367
ENSG00000119421	122144058	122159779	9	15722
ENSG00000119616	74713144	74738620	14	25477
ENSG00000119655	74476192	74494177	14	17986
ENSG00000119669	77024543	77028708	14	4166
ENSG00000119689	74881891	74903966	14	22076
ENSG00000119705	77708045	77761104	14	53060
ENSG00000119707	73058532	73123899	14	65368
ENSG00000119787	38293949	38377438	2	83490
ENSG00000119801	30146771	30160538	2	13768
ENSG00000119812	33532744	33599347	2	66604
ENSG00000119929	99702558	99756187	10	53630
ENSG00000119977	95659823	95694143	10	34321
ENSG00000120137	168548495	168579600	5	31106
ENSG00000120265	149749431	149811421	6	61991
ENSG00000120314	140664868	140674124	5	9257
ENSG00000120333	175010789	175023432	1	12644
ENSG00000120438	159778498	159789703	6	11206
ENSG00000120451	130866250	130916479	11	50230
ENSG00000120509	70281118	70290596	X	9479
ENSG00000120686	38349826	38363619	13	13794
ENSG00000120688	41061509	41084006	13	22498
ENSG00000120699	36998816	37025881	13	27066
ENSG00000120705	138506093	138543239	5	37147
ENSG00000120709	138331935	138349729	5	17795
ENSG00000120727	139341587	139369720	5	28134
ENSG00000120742	150541998	150603228	3	61231
ENSG00000120805	101393116	101407772	12	14657
ENSG00000120837	104117080	104138241	12	21162
ENSG00000120860	102011769	102062149	12	50381
ENSG00000120948	11012344	11030528	1	18185
ENSG00000120963	101177720	101207085	8	29366
ENSG00000121022	67043079	67083783	8	40705
ENSG00000121671	45847118	45883248	11	36131
ENSG00000121680	45909663	45918812	11	9150
ENSG00000121766	31296982	31365527	1	68546
ENSG00000121774	32013687	32060850	1	47164
ENSG00000121851	145964690	145978848	1	14159
ENSG00000121892	39822863	39977987	4	155125
ENSG00000122026	27251283	27259609	13	8327
ENSG00000122034	27424619	27435823	13	11205
ENSG00000122042	29764371	29850617	13	86247
ENSG00000122140	135499984	135504673	9	4690
ENSG00000122218	160288594	160343566	1	54973
ENSG00000122359	80150889	80205583	10	54695
ENSG00000122406	92831990	92841924	1	9935
ENSG00000122490	79902420	79951676	18	49257
ENSG00000122557	35632659	35697459	7	64801
ENSG00000122565	26201162	26213607	7	12446
ENSG00000122566	26171151	26201529	7	30379
ENSG00000122674	5898692	5926550	7	27859
ENSG00000122692	33041765	33076694	9	34930
ENSG00000122705	36190856	36304781	9	113926
ENSG00000122958	69123512	69174412	10	50901
ENSG00000123091	51235625	51273447	1	37823
ENSG00000123136	14408798	14419383	19	10586
ENSG00000123144	12730640	12734684	19	4045
ENSG00000123240	13099449	13140320	10	40872
ENSG00000123349	53295291	53299452	12	4162
ENSG00000123395	52069246	52077495	12	8250
ENSG00000123472	46632071	46673867	1	41797
ENSG00000123562	103675360	103688158	X	12799
ENSG00000123595	13689122	13710504	X	21383
ENSG00000123684	211743457	211833674	1	90218
ENSG00000124160	46060985	46089962	20	28978
ENSG00000124172	59025475	59032358	20	6884
ENSG00000124181	41136931	41196801	20	59871
ENSG00000124193	43457893	43466046	20	8154
ENSG00000124198	48921711	49036693	20	114983
ENSG00000124214	49113338	49188417	20	75080
ENSG00000124226	49936336	49953892	20	17557
ENSG00000124383	71130310	71150101	2	19792
ENSG00000124422	20999596	21043760	17	44165
ENSG00000124486	41085431	41236579	X	151149
ENSG00000124535	2765393	2786952	6	21560
ENSG00000124541	43021593	43034156	6	12564
ENSG00000124562	34757454	34773857	6	16404
ENSG00000124688	43629494	43640955	6	11462
ENSG00000124733	43011143	43016868	6	5726
ENSG00000124767	38675925	38703145	6	27221
ENSG00000124789	17614707	17706935	6	92229
ENSG00000125037	9962682	10011202	3	48521
ENSG00000125149	67109941	67148544	16	38604
ENSG00000125352	119870475	119871733	X	1259
ENSG00000125356	119871796	119876689	X	4894
ENSG00000125445	75261670	75270708	17	9039
ENSG00000125503	55090913	55117639	19	26727
ENSG00000125534	63520754	63527076	20	6323
ENSG00000125651	6379572	6393981	19	14410
ENSG00000125652	6372763	6375250	19	2488
ENSG00000125656	6361427	6370242	19	8816
ENSG00000125691	38847860	38868644	17	20785
ENSG00000125743	45687460	45692569	19	5110
ENSG00000125817	3783851	3786740	20	2890
ENSG00000125821	18587920	18766644	20	178725
ENSG00000125826	407498	432139	20	24642
ENSG00000125827	7977346	8019813	20	42468
ENSG00000125835	2461634	2470884	20	9251
ENSG00000125875	423596	462566	20	38971
ENSG00000125901	3046041	3048254	20	2214
ENSG00000125912	3185563	3209575	19	24013
ENSG00000125952	65006174	65102695	14	96522
ENSG00000125970	33993632	34108308	20	114677
ENSG00000125971	34516379	34540958	20	24580
ENSG00000125977	34088309	34112279	20	23971
ENSG00000125991	35542024	35557634	20	15611
ENSG00000125995	35699254	35700984	20	1731
ENSG00000126005	35201745	35278131	20	76387
ENSG00000126062	50354749	50359521	3	4773
ENSG00000126067	35599541	35641526	1	41986
ENSG00000126088	45010950	45015575	1	4626
ENSG00000126226	113177536	113208715	13	31180
ENSG00000126247	36139953	36150356	19	10404
ENSG00000126254	35628989	35638927	19	9939
ENSG00000126261	34428352	34471251	19	42900
ENSG00000126432	64318041	64321822	11	3782
ENSG00000126457	49675786	49689029	19	13244
ENSG00000126461	49640488	49658649	19	18162
ENSG00000126524	66987680	66995693	7	8014
ENSG00000126653	30115521	30186475	17	70955
ENSG00000126698	28199456	28233032	1	33577
ENSG00000126767	47631621	47650604	X	18984
ENSG00000126768	48893447	48898143	X	4697
ENSG00000126777	55559072	55701526	14	142455
ENSG00000126934	4090317	4124216	19	33900
ENSG00000126945	101408114	101414137	X	6024
ENSG00000127184	86617905	86621246	5	3342
ENSG00000127445	9835257	9849690	19	14434
ENSG00000127481	19074510	19210266	1	135757
ENSG00000127483	20739095	20787323	1	48229
ENSG00000127526	16549831	16572415	19	22585
ENSG00000127540	1597154	1605500	19	8347
ENSG00000127603	39081316	39487177	1	405862
ENSG00000127663	4969107	5153611	19	184505
ENSG00000127774	3668812	3669668	17	857
ENSG00000127837	218264125	218270178	2	6054
ENSG00000127838	218269651	218346793	2	77143
ENSG00000127870	26132115	26222460	13	90346
ENSG00000127922	96481626	96709891	7	228266
ENSG00000127947	77537295	77640072	7	102778
ENSG00000128185	20314238	20320080	22	5843
ENSG00000128272	39519695	39522690	22	2996
ENSG00000128463	34225013	34230161	15	5149
ENSG00000128524	128862856	128865847	7	2992
ENSG00000128590	108569847	108574850	7	5004
ENSG00000128607	130070534	130135720	7	65187
ENSG00000128609	123536997	123557904	7	20908
ENSG00000128654	176269395	176338025	2	68631
ENSG00000128708	171922429	171986153	2	63725
ENSG00000128789	12658043	12728945	18	70903
ENSG00000128951	48331011	48343373	15	12363
ENSG00000128989	52547045	52569883	15	22839
ENSG00000129055	134477704	134486716	3	9013
ENSG00000129128	176319966	176332245	4	12280
ENSG00000129187	182890060	182917936	4	27877
ENSG00000129245	7591230	7614897	17	23668
ENSG00000129351	10654261	10692415	19	38155
ENSG00000129460	23469679	23509862	14	40184
ENSG00000129472	21459020	21476960	14	17941
ENSG00000129473	23298790	23313069	14	14280
ENSG00000129518	34515938	34539721	14	23784
ENSG00000129559	24216802	24232385	14	15584
ENSG00000129562	22564902	22589235	14	24334
ENSG00000129625	112876385	112922328	5	45944
ENSG00000129933	19320811	19358754	19	37944
ENSG00000129968	1876810	1885618	19	8809
ENSG00000130024	169703902	169725566	6	21665
ENSG00000130159	11505927	11530564	19	24638
ENSG00000130165	11551147	11559325	19	8179
ENSG00000130175	11422369	11450969	19	28601
ENSG00000130177	114234856	114272723	13	37868
ENSG00000130254	5586981	5624046	19	37066
ENSG00000130255	5674947	5691881	19	16935
ENSG00000130311	17309518	17323298	19	13781
ENSG00000130312	17292609	17306843	19	14235
ENSG00000130313	17511620	17521288	19	9669
ENSG00000130340	157700387	157945077	6	244691
ENSG00000130402	38647605	38731589	19	83985
ENSG00000130520	18306231	18323112	19	16882
ENSG00000130560	135932403	135961387	9	28985
ENSG00000130706	62302066	62308867	20	6802
ENSG00000130724	58551452	58555128	19	3677
ENSG00000130725	58555709	58558954	19	3246
ENSG00000130726	58543740	58550773	19	7034
ENSG00000130731	634412	636378	16	1967
ENSG00000130741	24054911	24078810	X	23900
ENSG00000130764	3778559	3796511	1	17953
ENSG00000130770	28236084	28246906	1	10823
ENSG00000130811	10115010	10119951	19	4942
ENSG00000130826	154762742	154777697	X	14956
ENSG00000130956	96450160	96491336	9	41177
ENSG00000130985	47190713	47215173	X	24461
ENSG00000131013	149504495	149546092	6	41598
ENSG00000131043	36236131	36270918	20	34788
ENSG00000131100	17592136	17630958	22	38823
ENSG00000131143	85798633	85807068	16	8436
ENSG00000131148	85771758	85799625	16	27868
ENSG00000131171	81202005	81298547	X	96543
ENSG00000131174	77895727	77907376	X	11650
ENSG00000131236	40039735	40072767	1	33033
ENSG00000131238	40072710	40097267	1	24558
ENSG00000131368	15009611	15065339	3	55729
ENSG00000131381	15068571	15099163	3	30593
ENSG00000131408	50329640	50383404	19	53765
ENSG00000131462	42609637	42615241	17	5605
ENSG00000131467	42824385	42843760	17	19376
ENSG00000131469	42998273	43002973	17	4701
ENSG00000131475	42773449	42779599	17	6151
ENSG00000131495	140638740	140647771	5	9032
ENSG00000131508	139526431	139628434	5	102004
ENSG00000131653	2155692	2178129	16	22438
ENSG00000131669	93121496	93134310	9	12815
ENSG00000131828	19343893	19361718	X	17826
ENSG00000131844	71579531	71658706	5	79176
ENSG00000131871	101270531	101277500	15	6970
ENSG00000132017	13952459	13961449	19	8991
ENSG00000132128	46261196	46303616	1	42421
ENSG00000132153	47802641	47851617	3	48977
ENSG00000132155	12582101	12664201	3	82101
ENSG00000132286	6481496	6484683	11	3188
ENSG00000132323	238170400	238203756	2	33357
ENSG00000132356	40759389	40798374	5	38986
ENSG00000132376	1494575	1516742	17	22168
ENSG00000132383	1829702	1900082	17	70381
ENSG00000132388	4269259	4366675	17	97417
ENSG00000132394	128153433	128409356	3	255924
ENSG00000132424	99397629	99425335	6	27707
ENSG00000132467	70688532	70690551	4	2020
ENSG00000132471	75845699	75856507	17	10809
ENSG00000132475	75776434	75785893	17	9460
ENSG00000132485	71063251	71081289	1	18039
ENSG00000132507	7306944	7312466	17	5523
ENSG00000132589	28879335	28897739	17	18405
ENSG00000132591	28855009	28861067	17	6059
ENSG00000132676	155687833	155739014	1	51182
ENSG00000132680	155913043	155934413	1	21371
ENSG00000132792	37694030	37872129	20	178100
ENSG00000132823	44195939	44210872	20	14934
ENSG00000132824	44496221	44522094	20	25874
ENSG00000132912	150706840	150759095	5	52256
ENSG00000132952	30617693	30660770	13	43078
ENSG00000133030	17042457	17217679	17	175223
ENSG00000133112	45333471	45341284	13	7814
ENSG00000133142	103576231	103590165	X	13935
ENSG00000133226	24631716	24673281	1	41566
ENSG00000133243	1985438	2034881	19	49444
ENSG00000133275	1941146	1981339	19	40194
ENSG00000133398	6371874	6378571	5	6698
ENSG00000133422	30925130	30969082	22	43953
ENSG00000133606	140453033	140479552	7	26520
ENSG00000133612	151085831	151144436	7	58606
ENSG00000133639	92140278	92145846	12	5569
ENSG00000133703	25205246	25250936	12	45691
ENSG00000133704	30628981	30695883	12	66903
ENSG00000133706	146110566	146182696	5	72131
ENSG00000133872	30063003	30083208	8	20206
ENSG00000133961	73274146	73466167	14	192022
ENSG00000134001	67360011	67386516	14	26506
ENSG00000134046	54151606	54224669	18	73064
ENSG00000134049	47152834	47176381	18	23548
ENSG00000134056	69217712	69230158	5	12447
ENSG00000134108	5122249	5180911	3	58663
ENSG00000134153	34083980	34101910	15	17931
ENSG00000134186	108692310	108702928	1	10619
ENSG00000134248	110401249	110407942	1	6694
ENSG00000134265	10525905	10552766	18	26862
ENSG00000134287	48935723	48957514	12	21792
ENSG00000134294	46358185	46372832	12	14648
ENSG00000134308	9583967	9639472	2	55506
ENSG00000134318	11179759	11348330	2	168572
ENSG00000134375	201955476	201970664	1	15189
ENSG00000134419	18781295	18790383	16	9089
ENSG00000134440	57600000	57622213	18	22214
ENSG00000134452	5890203	5937594	10	47392
ENSG00000134453	6086898	6117457	10	30560
ENSG00000134590	135032355	135033546	X	1192
ENSG00000134597	130401922	130413656	X	11735
ENSG00000134684	32775237	32818031	1	42795
ENSG00000134697	37566815	37595955	1	29141
ENSG00000134717	52056199	52090716	1	34518
ENSG00000134748	52404060	52420836	1	16777
ENSG00000134809	57528406	57531031	11	2626
ENSG00000134825	61768501	61792802	11	24302
ENSG00000134851	55395652	55453397	4	57746
ENSG00000134900	102596958	102679958	13	83001
ENSG00000134970	115613210	115634830	5	21621
ENSG00000135018	83657386	83707993	9	50608
ENSG00000135070	86264546	86283102	9	18557
ENSG00000135211	77793728	77799484	7	5757
ENSG00000135316	85607779	85644063	6	36285
ENSG00000135334	87674860	87702255	6	27396
ENSG00000135372	34105608	34147670	11	42063
ENSG00000135404	55723511	55730023	12	6513
ENSG00000135446	57747722	57756013	12	8292
ENSG00000135486	54280193	54287088	12	6896
ENSG00000135506	57693841	57728342	12	34502
ENSG00000135521	143843326	143863812	6	20487
ENSG00000135617	73228010	73233239	2	5230
ENSG00000135632	73214222	73227229	2	13008
ENSG00000135720	66720893	66751836	16	30944
ENSG00000135776	229516582	229558957	1	42376
ENSG00000135900	223957403	223969078	2	11676
ENSG00000135924	219279342	219286898	2	7557
ENSG00000135932	230712822	230821076	2	108255
ENSG00000135940	97646062	97648383	2	2322
ENSG00000135956	96248500	96266047	2	17548
ENSG00000135972	105038025	105099960	2	61936
ENSG00000136003	108562582	108569380	12	6799
ENSG00000136021	100266830	100341728	12	74899
ENSG00000136045	107685766	107713462	12	27697
ENSG00000136100	52412602	52450684	13	38083
ENSG00000136146	48053323	48095131	13	41809
ENSG00000136152	45464898	45536701	13	71804
ENSG00000136159	48037694	48054196	13	16503
ENSG00000136238	6374098	6403998	7	29901
ENSG00000136240	6445953	6484193	7	38241
ENSG00000136436	48830971	48868228	17	37258
ENSG00000136444	50478820	50485984	17	7165
ENSG00000136448	44957992	45109016	17	151025
ENSG00000136450	58000919	58007346	17	6428
ENSG00000136451	57971547	57988389	17	16843
ENSG00000136522	179582420	179604659	3	22240
ENSG00000136536	159712001	159771027	2	59027
ENSG00000136628	219968598	220046616	1	78019
ENSG00000136758	27110088	27155266	10	45179
ENSG00000136770	21756538	22003769	10	247232
ENSG00000136813	111360685	111484745	9	124061
ENSG00000136816	129803157	129811281	9	8125
ENSG00000136819	129827194	129835863	9	8670
ENSG00000136827	129812942	129824244	9	11303
ENSG00000136888	114587706	114598915	9	11210
ENSG00000136930	124352999	124415476	9	62478
ENSG00000136937	97633448	97673748	9	40301
ENSG00000136938	97983215	98015943	9	32729
ENSG00000136942	124857873	124862017	9	4145
ENSG00000136986	123013170	123042406	8	29237
ENSG00000137038	7796500	7888380	9	91881
ENSG00000137054	37481695	37503701	9	22007
ENSG00000137055	26903372	26947490	9	44119
ENSG00000137100	34613545	34620523	9	6979
ENSG00000137106	37422664	37437259	9	14596
ENSG00000137133	35812960	35815354	9	2395
ENSG00000137154	19375715	19380282	9	4568
ENSG00000137200	37433094	37482827	6	49734
ENSG00000137207	43511821	43516985	6	5165
ENSG00000137210	10747746	10852753	6	105008
ENSG00000137288	33690635	33711727	6	21093
ENSG00000137409	36965807	36986298	6	20492
ENSG00000137414	17600302	17611719	6	11418
ENSG00000137492	76349898	76381134	11	31237
ENSG00000137497	72002860	72080693	11	77834
ENSG00000137509	82822936	82970584	11	147649
ENSG00000137547	54135183	54149588	8	14406
ENSG00000137575	58552924	58583800	8	30877
ENSG00000137656	116748170	116773039	11	24870
ENSG00000137714	110429379	110464884	11	35506
ENSG00000137776	58879049	58933991	15	54943
ENSG00000137815	41408408	41483563	15	75156
ENSG00000137818	69452809	69456205	15	3397
ENSG00000137876	55180797	55197076	15	16280
ENSG00000137947	88852633	88891944	1	39312
ENSG00000137955	75786188	75795086	1	8899
ENSG00000138069	65070696	65130986	2	60291
ENSG00000138071	65227745	65271253	2	43509
ENSG00000138073	27130752	27134671	2	3920
ENSG00000138085	27212041	27217178	2	5138
ENSG00000138095	43886224	43996226	2	110003
ENSG00000138107	102461881	102502744	10	40864
ENSG00000138246	132417502	132539032	3	121531
ENSG00000138326	78033746	78056813	10	23068
ENSG00000138381	189661385	189670831	2	9447
ENSG00000138385	169791933	169812091	2	20159
ENSG00000138495	119654513	119677621	3	23109
ENSG00000138593	48988476	49046477	15	58002
ENSG00000138629	74445187	74461182	15	15996
ENSG00000138663	83034447	83075818	4	41372
ENSG00000138668	82351523	82374543	4	23021
ENSG00000138674	82818081	82901166	4	83086
ENSG00000138688	122152331	122364167	4	211837
ENSG00000138757	75641849	75726301	4	84453
ENSG00000138785	105682016	105895986	4	213971
ENSG00000138802	109433602	109540896	4	107295
ENSG00000138834	1706166	1770351	16	64186
ENSG00000139168	42312086	42326257	12	14172
ENSG00000139343	95858931	95903828	12	44898
ENSG00000139496	25301524	25365390	13	63867
ENSG00000139637	53299695	53307177	12	7483
ENSG00000139641	56118250	56144674	12	26425
ENSG00000139644	49707725	49764935	12	57211
ENSG00000139645	56237807	56258384	12	20578
ENSG00000139684	46770748	46799772	13	29025
ENSG00000139722	122865330	122896127	12	30798
ENSG00000139726	122752824	122771064	12	18241
ENSG00000139990	69050881	69153179	14	102299
ENSG00000140259	43804492	43824733	15	20242
ENSG00000140264	43777087	43804427	15	27341
ENSG00000140319	40035690	40039181	15	3492
ENSG00000140350	68778534	68820924	15	42391
ENSG00000140391	77041404	77083984	15	42581
ENSG00000140564	90868588	90883564	15	14977
ENSG00000140577	90529890	90645345	15	115456
ENSG00000140612	84669529	84716460	15	46932
ENSG00000140694	14435699	14632728	16	197030
ENSG00000140829	72093613	72112912	16	19300
ENSG00000140941	87383953	87405090	16	21138
ENSG00000140983	668100	674174	16	6075
ENSG00000140988	1962050	1965510	16	3461
ENSG00000140990	1959508	1962021	16	2514
ENSG00000140992	2537978	2603190	16	65213
ENSG00000141002	89873566	89913627	16	40062
ENSG00000141026	17476994	17493221	17	16228
ENSG00000141084	67723070	67806560	16	83491
ENSG00000141101	69741871	69754942	16	13072
ENSG00000141279	47522942	47624665	17	101724
ENSG00000141349	44070620	44082151	17	11532
ENSG00000141378	59674636	59707638	17	33003
ENSG00000141380	26016253	26091217	18	74965
ENSG00000141385	12328932	12377473	18	48542
ENSG00000141424	36108531	36129385	18	20855
ENSG00000141429	35580892	35713370	18	132479
ENSG00000141456	4669774	4704337	17	34564
ENSG00000141522	81867719	81871378	17	3660
ENSG00000141551	82239023	82273700	17	34678
ENSG00000141552	81890669	81900991	17	10323
ENSG00000141556	82751855	82945918	17	194064
ENSG00000141560	82716706	82730328	17	13623
ENSG00000141580	82614562	82648553	17	33992
ENSG00000141644	50266746	50281846	18	15101
ENSG00000141699	42579513	42610623	17	31111
ENSG00000141741	39728496	39730555	17	2060
ENSG00000141858	14087851	14091036	19	3186
ENSG00000141867	15235519	15332545	19	97027
ENSG00000141905	3314403	3469217	19	154815
ENSG00000141959	44300017	44327377	21	27361
ENSG00000141985	4360367	4400547	19	40181
ENSG00000142039	41310172	41324873	19	14702
ENSG00000142168	31659633	31668931	21	9299
ENSG00000142186	65525072	65538711	11	13640
ENSG00000142208	104769348	104799934	14	30587
ENSG00000142396	58305347	58316812	19	11466
ENSG00000142507	4796144	4798503	17	2360
ENSG00000142534	49496365	49499708	19	3344
ENSG00000142541	49487510	49493057	19	5548
ENSG00000142546	49555468	49592927	19	37460
ENSG00000142599	8352397	8848921	1	496525
ENSG00000142676	23691685	23696835	1	5151
ENSG00000142684	26169908	26170873	1	966
ENSG00000142687	35393883	35557950	1	164068
ENSG00000142751	26876132	26890283	1	14152
ENSG00000142864	67407810	67430415	1	22606
ENSG00000142937	44775251	44778779	1	3529
ENSG00000143013	87328428	87348923	1	20496
ENSG00000143106	109399042	109426471	1	27430
ENSG00000143149	165662216	165698597	1	36382
ENSG00000143158	167916675	167937502	1	20828
ENSG00000143162	167529117	167553822	1	24706
ENSG00000143183	165724293	165827755	1	103463
ENSG00000143198	165630874	165661796	1	30923
ENSG00000143222	161152776	161158856	1	6081
ENSG00000143256	161100556	161118069	1	17514
ENSG00000143294	156750610	156800817	1	50208
ENSG00000143314	156737294	156741590	1	4297
ENSG00000143337	179882042	179920077	1	38036
ENSG00000143368	149923317	149927803	1	4487
ENSG00000143376	151612006	151699091	1	87086
ENSG00000143418	150960583	150977396	1	16814
ENSG00000143420	150600851	150629612	1	28762
ENSG00000143436	151759647	151763496	1	3850
ENSG00000143437	150808617	150876771	1	68155
ENSG00000143486	206571292	206612514	1	41223
ENSG00000143543	153974269	153977674	1	3406
ENSG00000143545	153981617	153986377	1	4761
ENSG00000143549	154155308	154194648	1	39341
ENSG00000143553	153658696	153663930	1	5235
ENSG00000143569	154220179	154271510	1	51332
ENSG00000143570	153959099	153968667	1	9569
ENSG00000143575	154269393	154275882	1	6490
ENSG00000143612	154206668	154220681	1	14014
ENSG00000143614	153789030	153923360	1	134331
ENSG00000143621	153661788	153671028	1	9241
ENSG00000143727	264140	279100	2	14961
ENSG00000143742	225777699	225790670	1	12972
ENSG00000143753	224175756	224193441	1	17686
ENSG00000143756	224114111	224162047	1	47937
ENSG00000143761	228081841	228099212	1	17372
ENSG00000143774	228139962	228148984	1	9023
ENSG00000143799	226360210	226408154	1	47945
ENSG00000143811	225919397	225924340	1	4944
ENSG00000143862	202133404	202144743	1	11340
ENSG00000143870	10783378	10837977	2	54600
ENSG00000143947	55229447	55236044	2	6598
ENSG00000143952	63892146	64019476	2	127331
ENSG00000143977	70281362	70293740	2	12379
ENSG00000144029	95085369	95122006	2	36638
ENSG00000144043	70968325	70994873	2	26549
ENSG00000144048	73761782	73780173	2	18392
ENSG00000144381	197486580	197516737	2	30158
ENSG00000144566	19947097	19985178	3	38082
ENSG00000144579	218397136	218405942	2	8807
ENSG00000144635	32525974	32570900	3	44927
ENSG00000144674	37243184	37366879	3	123696
ENSG00000144711	12897043	13283281	3	386239
ENSG00000144713	12834485	12841582	3	7098
ENSG00000144746	69084937	69106092	3	21156
ENSG00000144848	112532510	112562046	3	29537
ENSG00000144867	133784023	133825772	3	41750
ENSG00000145022	49412212	49416476	3	4265
ENSG00000145337	88520998	88523776	4	2779
ENSG00000145425	151099565	151104652	4	5088
ENSG00000145439	168863770	169010311	4	146542
ENSG00000145494	1801363	1816051	5	14689
ENSG00000145592	40825262	40835269	5	10008
ENSG00000145740	69093991	69131069	5	37079
ENSG00000145741	73498408	73505667	5	7260
ENSG00000145907	151770951	151812911	5	41961
ENSG00000145912	178149459	178153961	5	4503
ENSG00000145919	173607145	173616659	5	9515
ENSG00000146007	140698680	140706686	5	8007
ENSG00000146066	176388751	176389761	5	1011
ENSG00000146083	176526700	176538025	5	11326
ENSG00000146085	49430360	49463321	6	32962
ENSG00000146223	42879616	42889925	6	10310
ENSG00000146282	87513459	87590028	6	76570
ENSG00000146425	158636474	158644755	6	8282
ENSG00000146457	159716432	159756319	6	39888
ENSG00000146576	6589978	6608726	7	18749
ENSG00000146676	44876299	44885530	7	9232
ENSG00000146701	76048050	76067508	7	19459
ENSG00000146731	56051685	56063991	7	12307
ENSG00000146830	100679505	100694480	7	14976
ENSG00000146834	100428322	100434126	7	5805
ENSG00000147065	65588377	65741936	X	153560
ENSG00000147123	47142071	47145466	X	3396
ENSG00000147140	71254270	71301522	X	47253
ENSG00000147162	71533083	71575892	X	42810
ENSG00000147164	71056332	71073426	X	17095
ENSG00000147224	107628428	107651993	X	23566
ENSG00000147274	136848004	136880764	X	32761
ENSG00000147403	154389955	154409168	X	19214
ENSG00000147416	20197381	20230399	8	33019
ENSG00000147471	37762585	37779770	8	17186
ENSG00000147586	79918401	80030304	8	111904
ENSG00000147604	73290242	73295789	8	5548
ENSG00000147649	97644013	97730260	8	86248
ENSG00000147654	109539711	109570072	8	30362
ENSG00000147669	100150622	100154005	8	3384
ENSG00000147677	116642130	116766925	8	124796
ENSG00000147684	124539101	124580648	8	41548
ENSG00000147853	4709556	4742043	9	32488
ENSG00000148110	94374403	94461042	9	86640
ENSG00000148229	113407232	113410723	9	3492
ENSG00000148248	133361450	133376166	9	14717
ENSG00000148290	133351758	133356676	9	4919
ENSG00000148291	133356545	133362215	9	5671
ENSG00000148300	133406059	133418096	9	12038
ENSG00000148303	133348194	133351435	9	3242
ENSG00000148334	128120693	128128462	9	7770
ENSG00000148335	129606704	129636744	9	30041
ENSG00000148730	70404144	70428618	10	24475
ENSG00000148834	104235356	104267461	10	32106
ENSG00000149016	62575045	62591637	11	16593
ENSG00000149084	43680509	43857741	11	177233
ENSG00000149100	32583785	32606264	11	22480
ENSG00000149136	57325982	57335892	11	9911
ENSG00000149182	47164299	47177474	11	13176
ENSG00000149187	47465933	47565569	11	99637
ENSG00000149273	75394327	75422280	11	27954
ENSG00000149313	106075501	106098708	11	23208
ENSG00000149357	72085895	72103297	11	17403
ENSG00000149600	32702648	32743928	20	41281
ENSG00000149657	62122444	62136728	20	14285
ENSG00000149658	63195429	63216139	20	20711
ENSG00000149792	65122183	65127371	11	5189
ENSG00000149806	65120626	65122221	11	1596
ENSG00000149823	65089324	65111862	11	22539
ENSG00000149925	30064164	30070457	16	6294
ENSG00000149930	29973868	29992261	16	18394
ENSG00000149932	29940885	29973052	16	32168
ENSG00000150459	21140119	21149097	13	8979
ENSG00000150991	124911604	124917368	12	5765
ENSG00000151327	35045117	35116630	14	71514
ENSG00000151366	78068297	78081871	11	13575
ENSG00000151465	12195950	12250595	10	54646
ENSG00000151502	134224613	134247794	11	23182
ENSG00000151553	114821744	114899832	10	78089
ENSG00000151748	50632058	50668337	14	36280
ENSG00000151893	118674167	118755249	10	81083
ENSG00000152082	130181737	130190729	2	8993
ENSG00000152102	131047876	131093487	2	45612
ENSG00000152219	30323104	30338458	11	15355
ENSG00000152484	27066150	27171885	13	105736
ENSG00000152492	191329085	191398659	3	69575
ENSG00000152795	82422565	82430471	4	7907
ENSG00000152944	27022546	27066343	12	43798
ENSG00000153037	112861188	112898371	5	37184
ENSG00000153147	143513445	143557486	4	44042
ENSG00000153187	244840638	244864560	1	23923
ENSG00000153201	108719437	108785810	2	66374
ENSG00000153485	93184951	93188463	14	3513
ENSG00000153560	33388336	33441407	3	53072
ENSG00000153561	86720291	86778041	2	57751
ENSG00000153574	88691642	88750933	2	59292
ENSG00000153774	75293698	75433503	16	139806
ENSG00000153786	84974175	85011536	16	37362
ENSG00000153827	229763835	229923239	2	159405
ENSG00000153989	117675469	117710727	6	35259
ENSG00000154001	63371364	63543410	14	172047
ENSG00000154174	100363431	100401111	3	37681
ENSG00000154473	123154395	123170467	10	16073
ENSG00000154719	25585632	25607525	21	21894
ENSG00000154723	25716005	25735721	21	19717
ENSG00000154767	14145145	14178652	3	33508
ENSG00000154803	17212206	17237203	17	24998
ENSG00000154945	50693198	50707914	17	14717
ENSG00000155096	102826111	102893864	8	67754
ENSG00000155115	110958477	110968586	6	10110
ENSG00000155252	97640671	97676757	10	36087
ENSG00000155287	99610518	99622793	10	12276
ENSG00000155366	112701127	112707845	1	6719
ENSG00000155438	121726945	121736912	2	9968
ENSG00000155506	154682986	154817605	5	134620
ENSG00000155827	101533853	101563344	9	29492
ENSG00000155876	19049427	19051025	9	1599
ENSG00000155957	66135846	66170027	12	34182
ENSG00000155959	155197007	155239841	X	42835
ENSG00000156232	82809599	82836108	15	26510
ENSG00000156411	103912281	103928269	14	15989
ENSG00000156467	96222947	96235564	8	12618
ENSG00000156482	98024851	98046469	8	21619
ENSG00000156508	73489308	73525587	6	36280
ENSG00000156603	57703710	57712259	11	8550
ENSG00000156639	37819429	38154624	6	335196
ENSG00000156642	73560003	73634134	15	74132
ENSG00000156860	30658431	30670810	16	12380
ENSG00000156875	100038076	100083945	1	45870
ENSG00000156973	231732354	231786272	2	53919
ENSG00000157014	10248023	10281218	3	33196
ENSG00000157020	10293131	10321123	3	27993
ENSG00000157181	186375505	186421378	1	45874
ENSG00000157259	92447482	92460075	7	12594
ENSG00000157500	57227726	57278127	3	50402
ENSG00000157538	37223417	37267919	21	44503
ENSG00000157637	81244811	81295567	17	50757
ENSG00000157778	1567332	1571078	7	3747
ENSG00000157823	89830599	89894638	15	64040
ENSG00000157837	120762510	120904358	12	141849
ENSG00000157916	2390670	2405444	1	14775
ENSG00000157954	5190182	5233840	7	43659
ENSG00000158042	6680385	6683401	11	3017
ENSG00000158109	3624979	3630131	1	5153
ENSG00000158290	120505920	120604074	X	98155
ENSG00000158417	99337371	99401326	2	63956
ENSG00000158435	101252873	101270316	2	17444
ENSG00000158470	49632945	49713908	20	80964
ENSG00000158526	54440402	54448032	X	7631
ENSG00000158545	88570403	88631964	16	61562
ENSG00000158604	44576392	44582287	7	5896
ENSG00000158615	204396492	204411887	1	15396
ENSG00000158669	41577187	41625001	8	47815
ENSG00000158805	89720400	89740925	16	20526
ENSG00000158850	161171306	161178652	1	7347
ENSG00000158941	22604629	22620964	8	16336
ENSG00000159069	136940435	136944762	9	4328
ENSG00000159140	33543038	33577481	21	34444
ENSG00000159199	48892765	48895875	17	3111
ENSG00000159202	48908398	48929056	17	20659
ENSG00000159210	48929316	48944842	17	15527
ENSG00000159346	202940090	202958572	1	18483
ENSG00000159348	202961118	202967277	1	6160
ENSG00000159352	151254709	151267479	1	12771
ENSG00000159377	151399556	151401941	1	2386
ENSG00000159461	56361449	56425545	16	64097
ENSG00000159658	46674659	46719146	1	44488
ENSG00000159692	1211434	1250333	4	38900
ENSG00000159720	67438005	67481188	16	43184
ENSG00000159840	143381295	143391111	7	9817
ENSG00000160014	46601074	46610787	19	9714
ENSG00000160058	32364633	32394731	1	30099
ENSG00000160075	1541673	1574884	1	33212
ENSG00000160113	17231883	17245919	19	14037
ENSG00000160131	151396515	151409364	X	12850
ENSG00000160194	42879644	42913304	21	33661
ENSG00000160201	43092956	43107605	21	14650
ENSG00000160216	43865223	43987592	21	122370
ENSG00000160221	44133610	44210114	21	76505
ENSG00000160445	128729785	128772414	9	42630
ENSG00000160551	29390351	29551903	17	161553
ENSG00000160633	5623035	5668478	19	45444
ENSG00000160679	153633982	153646306	1	12325
ENSG00000160714	154548550	154559028	1	10479
ENSG00000160783	156212989	156240423	1	27435
ENSG00000160789	156082572	156140081	1	57510
ENSG00000160799	46916634	46982010	3	65377
ENSG00000160803	156035299	156053798	1	18500
ENSG00000160818	156594301	156601496	1	7196
ENSG00000160877	13116468	13141147	19	24680
ENSG00000160932	143012722	143023832	8	11111
ENSG00000160948	144423601	144429499	8	5899
ENSG00000160959	144517965	144525178	8	7214
ENSG00000161016	144789765	144792587	8	2823
ENSG00000161021	179732822	179777283	5	44462
ENSG00000161202	184155159	184173614	3	18456
ENSG00000161203	184174689	184184214	3	9526
ENSG00000161217	196214222	196287957	3	73736
ENSG00000161533	75941507	75979459	17	37953
ENSG00000161542	76309478	76384521	17	75044
ENSG00000161547	76734115	76737395	17	3281
ENSG00000161654	44034328	44067619	17	33292
ENSG00000161904	33771202	33789148	6	17947
ENSG00000161920	4731428	4733608	17	2181
ENSG00000161960	7572760	7579006	17	6247
ENSG00000162191	62676498	62679332	11	2835
ENSG00000162231	62792123	62806302	11	14180
ENSG00000162236	62806860	62832051	11	25192
ENSG00000162244	51993522	51995953	3	2432
ENSG00000162300	65084210	65088398	11	4189
ENSG00000162368	47333790	47394866	1	61077
ENSG00000162378	52726447	52827336	1	100890
ENSG00000162384	53214099	53220652	1	6554
ENSG00000162385	53226890	53238621	1	11732
ENSG00000162413	6590724	6614607	1	23884
ENSG00000162434	64833223	65067754	1	234532
ENSG00000162517	31629866	31644896	1	15031
ENSG00000162613	77944055	77979527	1	35473
ENSG00000162729	160091340	160101109	1	9770
ENSG00000162734	160205335	160215404	1	10070
ENSG00000162889	206684886	206734284	1	49399
ENSG00000162961	31867809	32039809	2	172001
ENSG00000162980	151788984	151828531	2	39548
ENSG00000163001	55519559	55545080	2	25522
ENSG00000163041	226061571	226073206	1	11636
ENSG00000163125	150363091	150476566	1	113476
ENSG00000163162	101271219	101308724	2	37506
ENSG00000163166	127436207	127526886	2	90680
ENSG00000163319	83455932	83470428	4	14497
ENSG00000163320	88051944	88149885	3	97942
ENSG00000163344	154924732	154937008	1	12277
ENSG00000163349	113929324	113977869	1	48546
ENSG00000163382	156591743	156609507	1	17765
ENSG00000163444	203007356	203024848	1	17493
ENSG00000163463	155169408	155173475	1	4068
ENSG00000163466	218216630	218254356	2	37727
ENSG00000163479	156009041	156020968	1	11928
ENSG00000163527	31532521	31638548	3	106028
ENSG00000163634	63833870	63863868	3	29999
ENSG00000163636	64010549	64024010	3	13462
ENSG00000163682	39451747	39458948	4	7202
ENSG00000163798	27663426	27695366	2	31941
ENSG00000163866	34712737	34859805	1	147069
ENSG00000163900	185476496	185499057	3	22562
ENSG00000163902	128619968	128681075	3	61108
ENSG00000163904	185582496	185633551	3	51056
ENSG00000163930	52401008	52410008	3	9001
ENSG00000163939	52544735	52685966	3	141232
ENSG00000163961	196468783	196503768	3	34986
ENSG00000164039	103077592	103099880	4	22289
ENSG00000164040	128269237	128288829	4	19593
ENSG00000164054	48467798	48504826	3	37029
ENSG00000164062	49673981	49683971	3	9991
ENSG00000164091	52254434	52288020	3	33587
ENSG00000164096	119296419	119304445	4	8027
ENSG00000164104	173331376	173334456	4	3081
ENSG00000164163	145098248	145129524	4	31277
ENSG00000164164	145110838	145180621	4	69784
ENSG00000164168	147617386	147672044	4	54659
ENSG00000164182	60945177	61154531	5	209355
ENSG00000164252	77029251	77065234	5	35984
ENSG00000164346	74766991	74780113	5	13123
ENSG00000164405	132866626	132868847	5	2222
ENSG00000164414	87470623	87512336	6	41714
ENSG00000164548	23504780	23532041	7	27262
ENSG00000164587	150442635	150449952	5	7318
ENSG00000164609	160401641	160421711	5	20071
ENSG00000164610	33094797	33109405	7	14609
ENSG00000164615	134737608	134752705	5	15098
ENSG00000164713	98252379	98310441	7	58063
ENSG00000164733	11842524	11869533	8	27010
ENSG00000164754	116845934	116874849	8	28916
ENSG00000164924	100916523	100953388	8	36866
ENSG00000165169	37836757	37847571	X	10815
ENSG00000165264	32553001	32573184	9	20184
ENSG00000165280	35053928	35072671	9	18744
ENSG00000165283	35099606	35103195	9	3590
ENSG00000165389	34432788	34462240	14	29453
ENSG00000165416	52652682	52700909	13	48228
ENSG00000165502	49618530	49620649	14	2120
ENSG00000165512	45000293	45005329	10	5037
ENSG00000165630	13586939	13668445	10	81507
ENSG00000165678	84139482	84154841	10	15360
ENSG00000165688	136410630	136427992	9	17363
ENSG00000165724	137582081	137590512	9	8432
ENSG00000165733	42782783	42834937	10	52155
ENSG00000165782	20457681	20461617	14	3937
ENSG00000165898	74493756	74497106	14	3351
ENSG00000165915	47407132	47416587	11	9456
ENSG00000165916	47418765	47426488	11	7724
ENSG00000165943	93182176	93184930	14	2755
ENSG00000166136	100523668	100530000	10	6333
ENSG00000166181	43311955	43344530	11	32576
ENSG00000166200	49106068	49155661	15	49594
ENSG00000166226	69585423	69601577	12	16155
ENSG00000166228	70882280	70888605	10	6326
ENSG00000166266	108008898	108107781	11	98884
ENSG00000166275	102854259	102864961	10	10703
ENSG00000166311	6390414	6394998	11	4585
ENSG00000166337	6606294	6612539	11	6246
ENSG00000166340	6612768	6619448	11	6681
ENSG00000166441	8682732	8714759	11	32028
ENSG00000166479	68673688	68715147	18	41460
ENSG00000166595	66932065	66934423	16	2359
ENSG00000166598	103930107	103953931	12	23825
ENSG00000166619	37492472	37528100	20	35629
ENSG00000166747	71729000	71809201	16	80202
ENSG00000166794	64155740	64163159	15	7420
ENSG00000166797	64072114	64094262	15	22149
ENSG00000166848	75647765	75761872	16	114108
ENSG00000166855	65148219	65185393	15	37175
ENSG00000166887	42158701	42208326	15	49626
ENSG00000166889	59636716	59669141	11	32426
ENSG00000166902	59806140	59810779	11	4640
ENSG00000166913	44885676	44908532	20	22857
ENSG00000166925	100466519	100479232	7	12714
ENSG00000166987	57520710	57530148	12	9439
ENSG00000167004	43746394	43773279	15	26886
ENSG00000167005	56429133	56452199	16	23067
ENSG00000167085	49404009	49414905	17	10897
ENSG00000167110	128255829	128276026	9	20198
ENSG00000167113	128322515	128334072	9	11558
ENSG00000167118	128371349	128392016	9	20668
ENSG00000167182	47896150	47928957	17	32808
ENSG00000167193	1420689	1463162	17	42474
ENSG00000167283	118401346	118433278	11	31933
ENSG00000167323	3854527	4093210	11	238684
ENSG00000167397	31090842	31095980	16	5139
ENSG00000167460	16067021	16103011	19	35991
ENSG00000167468	1103982	1106791	19	2810
ENSG00000167526	89560637	89567834	16	7198
ENSG00000167615	54449157	54462022	19	12866
ENSG00000167635	36214602	36238774	19	24173
ENSG00000167657	3958453	3971123	19	12671
ENSG00000167658	3976044	3985479	19	9436
ENSG00000167671	4444999	4457794	19	12796
ENSG00000167721	2322392	2336657	17	14266
ENSG00000167770	63985853	64001811	11	15959
ENSG00000167775	8302126	8308366	19	6241
ENSG00000167778	53064316	53079414	12	15099
ENSG00000167797	67506490	67508701	11	2212
ENSG00000167815	12796817	12801849	19	5033
ENSG00000167862	75012664	75021266	17	8603
ENSG00000167863	75038855	75047718	17	8864
ENSG00000167930	234521	272183	16	37663
ENSG00000167967	2223440	2235743	16	12304
ENSG00000167977	2682521	2709030	16	26510
ENSG00000167978	2752626	2772538	16	19913
ENSG00000167985	61430042	61446839	11	16798
ENSG00000167986	61299447	61342596	11	43150
ENSG00000167987	61130257	61167355	11	37099
ENSG00000168028	39406709	39426255	3	19547
ENSG00000168036	41194741	41260096	3	65356
ENSG00000168066	64764606	64778786	11	14181
ENSG00000168090	100088948	100093340	7	4393
ENSG00000168092	117144284	117176894	11	32611
ENSG00000168101	4693562	4695861	16	2300
ENSG00000168118	229271062	229305894	1	34833
ENSG00000168137	9397609	9479240	3	81632
ENSG00000168159	228487382	228499899	1	12518
ENSG00000168175	55051647	55070194	14	18548
ENSG00000168214	26163455	26435131	4	271677
ENSG00000168259	41976421	42021376	17	44956
ENSG00000168264	234602300	234610178	1	7879
ENSG00000168275	234373456	234385080	1	11625
ENSG00000168283	22321078	22331485	10	10408
ENSG00000168286	67842320	67844195	16	1876
ENSG00000168288	149569634	149587812	2	18179
ENSG00000168310	184385702	184474558	4	88857
ENSG00000168374	57571363	57598220	3	26858
ENSG00000168434	23388493	23453207	16	64715
ENSG00000168439	64185272	64204548	11	19277
ENSG00000168610	42313324	42388568	17	75245
ENSG00000168701	67227103	67229278	16	2176
ENSG00000168710	109984765	110023742	1	38978
ENSG00000168802	69118010	69132588	16	14579
ENSG00000168872	70346861	70373992	16	27132
ENSG00000168883	85602856	85657710	2	54855
ENSG00000168894	85595693	85598589	2	2897
ENSG00000168899	85584431	85593406	2	8976
ENSG00000168924	1811479	1856232	4	44754
ENSG00000169018	68277745	68295862	15	18118
ENSG00000169020	672423	674369	4	1947
ENSG00000169032	66386825	66491656	15	104832
ENSG00000169057	154021573	154137103	X	115531
ENSG00000169100	1386133	1392929	X	6797
ENSG00000169189	27224993	27268788	16	43796
ENSG00000169217	30350767	30355308	16	4542
ENSG00000169221	30357102	30370529	16	13428
ENSG00000169223	177315805	177351840	5	36036
ENSG00000169246	21402237	21448567	16	46331
ENSG00000169249	15790106	15830694	X	40589
ENSG00000169251	161104681	161253532	3	148852
ENSG00000169372	93677375	93894840	12	217466
ENSG00000169564	70087477	70089203	2	1727
ENSG00000169567	131155383	131224468	5	69086
ENSG00000169612	82986203	82991057	15	4855
ENSG00000169696	81976807	82017406	17	40600
ENSG00000169714	129167818	129184008	3	16191
ENSG00000169718	82057506	82066206	17	8701
ENSG00000169740	43643859	43649367	10	5509
ENSG00000169762	16160505	16227410	4	66906
ENSG00000169764	63840950	63891590	2	50641
ENSG00000169826	43137831	43185302	10	47472
ENSG00000169895	16719545	16765340	X	45796
ENSG00000169925	134030305	134068555	9	38251
ENSG00000169957	30524004	30526821	16	2818
ENSG00000169964	44861889	44865670	3	3782
ENSG00000169976	144094884	144095573	6	690
ENSG00000170027	76326799	76358991	7	32193
ENSG00000170043	7930345	7932123	17	1779
ENSG00000170144	177212587	177226106	2	13520
ENSG00000170275	33113956	33147773	3	33818
ENSG00000170296	7240008	7242449	17	2442
ENSG00000170310	9250471	9576591	17	326121
ENSG00000170315	16380667	16382745	17	2079
ENSG00000170348	75131443	75176652	14	45210
ENSG00000170502	87422573	87459455	4	36883
ENSG00000170515	56104349	56116329	12	11981
ENSG00000170540	18791609	18801572	16	9964
ENSG00000170604	45883608	45886141	19	2534
ENSG00000170606	133051946	133106449	5	54504
ENSG00000170759	32009014	32056454	10	47441
ENSG00000170852	32868166	32894131	7	25966
ENSG00000170855	120443958	120446412	12	2455
ENSG00000170860	14178801	14201122	3	22322
ENSG00000170876	14125015	14143681	3	18667
ENSG00000170881	124474866	124488618	8	13753
ENSG00000170889	54200484	54249003	19	48520
ENSG00000171148	9779964	9793011	3	13048
ENSG00000171159	128160265	128163924	9	3660
ENSG00000171161	248838210	248849520	1	11311
ENSG00000171206	102642503	102662789	10	20287
ENSG00000171222	35953617	35959472	20	5856
ENSG00000171298	80101533	80119881	17	18349
ENSG00000171314	97426124	97433444	10	7321
ENSG00000171421	1798381	1802001	5	3621
ENSG00000171456	32358266	32439319	20	81054
ENSG00000171497	158709127	158723406	4	14280
ENSG00000171530	77691166	77868780	5	177615
ENSG00000171735	6785454	7769706	1	984253
ENSG00000171824	11066613	11099898	1	33286
ENSG00000171858	62385948	62388534	20	2587
ENSG00000171861	782345	792509	17	10165
ENSG00000171862	87862638	87971930	10	109293
ENSG00000171960	42658185	42676758	1	18574
ENSG00000172081	2071032	2096679	19	25648
ENSG00000172086	88027203	88064252	2	37050
ENSG00000172115	25118656	25125266	7	6611
ENSG00000172239	43526267	43557758	5	31492
ENSG00000172270	571277	583498	19	12222
ENSG00000172301	31851871	31859291	17	7421
ENSG00000172331	134646811	134679816	7	33006
ENSG00000172336	100705445	100707504	7	2060
ENSG00000172354	100673567	100679174	7	5608
ENSG00000172500	65883740	65888531	11	4792
ENSG00000172531	67398179	67421183	11	23005
ENSG00000172534	153946434	153972427	X	25994
ENSG00000172586	73782047	73783652	10	1606
ENSG00000172732	65857126	65867653	11	10528
ENSG00000172757	65823022	65862026	11	39005
ENSG00000172775	57152466	57186175	16	33710
ENSG00000172809	74202841	74210655	17	7815
ENSG00000172939	38165089	38255484	3	90396
ENSG00000173011	7041899	7057952	4	16054
ENSG00000173020	67266391	67286557	11	20167
ENSG00000173039	65653599	65663090	11	9492
ENSG00000173113	64316460	64318074	11	1615
ENSG00000173120	67119263	67258082	11	138820
ENSG00000173141	21176647	21179084	13	2438
ENSG00000173226	121769399	121835093	3	65695
ENSG00000173230	121663199	121749966	3	86768
ENSG00000173273	9555912	9782346	8	226435
ENSG00000173327	65597755	65615382	11	17628
ENSG00000173402	49468649	49535619	3	66971
ENSG00000173457	64244478	64246943	11	2466
ENSG00000173465	65570459	65573942	11	3484
ENSG00000173473	47585269	47782106	3	196838
ENSG00000173511	64234521	64239264	11	4744
ENSG00000173545	16451518	16465811	5	14294
ENSG00000173575	92886203	93027996	15	141794
ENSG00000173660	46300900	46316796	1	15897
ENSG00000173674	20124525	20141982	X	17458
ENSG00000173692	231056845	231173116	2	116272
ENSG00000173726	235109341	235128846	1	19506
ENSG00000173744	227472134	227561217	2	89084
ENSG00000173757	42199176	42288633	17	89458
ENSG00000173786	41966763	41977740	17	10978
ENSG00000173812	41688883	41692668	17	3786
ENSG00000173915	103388991	103396492	10	7502
ENSG00000173933	66638658	66668380	11	29723
ENSG00000174132	100535338	100586741	5	51404
ENSG00000174231	1650624	1684876	17	34253
ENSG00000174243	48829756	48852842	12	23087
ENSG00000174444	66498015	66524532	15	26518
ENSG00000174574	38991272	39006059	1	14788
ENSG00000174579	136148917	136197241	3	48325
ENSG00000174684	66345374	66347638	11	2265
ENSG00000174695	83052846	83077863	5	25018
ENSG00000174744	66337333	66345132	11	7800
ENSG00000174748	23916591	23924374	3	7784
ENSG00000174839	57625454	57693127	3	67674
ENSG00000174851	66284572	66289184	11	4613
ENSG00000174886	5891207	5904006	19	12800
ENSG00000174903	66268590	66277492	11	8903
ENSG00000174915	448268	491399	11	43132
ENSG00000174917	5678421	5680516	19	2096
ENSG00000175115	66070272	66244744	11	174473
ENSG00000175166	184299157	184309054	3	9898
ENSG00000175203	57529633	57547242	12	17610
ENSG00000175215	57819927	57846729	12	26803
ENSG00000175216	46743048	46846308	11	103261
ENSG00000175220	46677075	46700977	11	23903
ENSG00000175324	38163335	38176730	8	13396
ENSG00000175334	66002228	66004170	11	1943
ENSG00000175387	47808957	47931569	18	122613
ENSG00000175467	65961689	65980137	11	18449
ENSG00000175550	65919274	65921563	11	2290
ENSG00000175573	65916810	65919062	11	2253
ENSG00000175582	73675638	73761465	11	85828
ENSG00000175602	65890673	65891635	11	963
ENSG00000175662	17843507	17972469	17	128963
ENSG00000175756	1373729	1375521	1	1793
ENSG00000175768	37582646	37592609	9	9964
ENSG00000175792	128064778	128153914	3	89137
ENSG00000175826	7243589	7252841	17	9253
ENSG00000175931	76389456	76453208	17	63753
ENSG00000176087	140564819	140569100	5	4282
ENSG00000176101	137188657	137190370	9	1714
ENSG00000176108	80991598	81009517	17	17920
ENSG00000176209	42541155	42555195	8	14041
ENSG00000176248	137174784	137189028	9	14245
ENSG00000176340	63974620	63976543	11	1924
ENSG00000176386	113255835	113275602	9	19768
ENSG00000176396	39538707	39540161	19	1455
ENSG00000176407	84970644	85059472	2	88829
ENSG00000176476	28553915	28591790	16	37876
ENSG00000176623	86468257	86514357	8	46101
ENSG00000176871	118032687	118062430	12	29744
ENSG00000176915	132725503	132761832	12	36330
ENSG00000176946	241584405	241637191	2	52787
ENSG00000176953	28950807	28967092	16	16286
ENSG00000176973	65572349	65574198	11	1850
ENSG00000176978	137110540	137118309	9	7770
ENSG00000177030	644224	707118	11	62895
ENSG00000177156	747399	765035	11	17637
ENSG00000177169	131894621	131923161	12	28541
ENSG00000177225	767220	777488	11	10269
ENSG00000177311	141324154	141449792	3	125639
ENSG00000177370	997118	1003671	17	6554
ENSG00000177383	184710364	184712064	3	1701
ENSG00000177479	48918821	48986382	3	67562
ENSG00000177556	151738084	151772532	5	34449
ENSG00000177565	177019340	177228000	3	208661
ENSG00000177600	799414	812884	11	13471
ENSG00000177646	128879596	128924003	3	44408
ENSG00000177700	837356	842561	11	5206
ENSG00000177733	137745651	137754363	5	8713
ENSG00000177830	867331	915579	11	48249
ENSG00000177868	42807040	42817397	1	10358
ENSG00000177885	75318076	75405709	17	87634
ENSG00000177951	167784	207399	11	39616
ENSG00000177963	207499	215113	11	7615
ENSG00000177971	75639085	75648706	15	9622
ENSG00000178057	49020459	49023495	3	3037
ENSG00000178188	28846600	28874212	16	27613
ENSG00000178234	152025626	152122347	7	96722
ENSG00000178252	49007062	49015953	3	8892
ENSG00000178397	6329411	6348981	7	19571
ENSG00000178567	36985043	36993131	3	8089
ENSG00000178719	143990053	143993427	8	3375
ENSG00000178741	74919791	74939351	15	19561
ENSG00000178896	144078621	144081244	8	2624
ENSG00000178913	141259884	141320784	5	60901
ENSG00000178951	4043303	4067636	19	24334
ENSG00000178980	47778677	47784686	19	6010
ENSG00000178982	38619055	38636959	19	17905
ENSG00000178988	6707693	6709923	4	2231
ENSG00000179010	6640091	6642729	4	2639
ENSG00000179051	17406755	17439772	1	33018
ENSG00000179085	155139886	155140595	1	710
ENSG00000179091	144095039	144097525	8	2487
ENSG00000179115	12922276	12934037	19	11762
ENSG00000179134	39342421	39385710	19	43290
ENSG00000179151	74630557	74696292	15	65736
ENSG00000179218	12938578	12944490	19	5913
ENSG00000179262	12945848	12953646	19	7799
ENSG00000179271	12953119	12957223	19	4105
ENSG00000179295	112418351	112509918	12	91568
ENSG00000179456	244048547	244057476	1	8930
ENSG00000179526	144097513	144108124	8	10612
ENSG00000179632	144103112	144107618	8	4507
ENSG00000179933	23094692	23100456	14	5765
ENSG00000179943	55591371	55606194	19	14824
ENSG00000179950	143816344	143830709	8	14366
ENSG00000179958	30423615	30430030	16	6416
ENSG00000180228	178431292	178451512	2	20221
ENSG00000180304	64687573	64703281	15	15709
ENSG00000180628	91162339	91284337	10	121999
ENSG00000180817	70202831	70233911	10	31081
ENSG00000180879	153793516	153798505	X	4990
ENSG00000180992	44112290	44128724	6	16435
ENSG00000181061	42782908	42804527	3	21620
ENSG00000181163	171387086	171411810	5	24725
ENSG00000181704	68498562	68537282	X	38721
ENSG00000181788	150741125	150763477	3	22353
ENSG00000181789	129249576	129278065	3	28490
ENSG00000181817	36391238	36397945	1	6708
ENSG00000181915	62804720	62808479	10	3760
ENSG00000181924	73869846	73876982	11	7137
ENSG00000182004	203861598	203871152	1	9555
ENSG00000182087	1009648	1021179	19	11532
ENSG00000182108	10928891	10942468	16	13578
ENSG00000182117	34339159	34343180	15	4022
ENSG00000182154	137551879	137552555	9	677
ENSG00000182180	73248843	73252693	10	3851
ENSG00000182220	40579372	40606848	X	27477
ENSG00000182446	81556887	81648465	17	91579
ENSG00000182512	95533503	95544724	14	11222
ENSG00000182551	3497366	3519559	2	22194
ENSG00000182768	90265659	90275778	15	10120
ENSG00000182827	226144679	226186762	1	42084
ENSG00000182831	9091610	9121635	16	30026
ENSG00000182899	197950000	197956610	3	6611
ENSG00000182934	126262912	126269144	11	6233
ENSG00000182952	26538351	26546937	6	8587
ENSG00000183020	924881	1012245	11	87365
ENSG00000183172	42079564	42088243	22	8680
ENSG00000183255	44849585	44873903	21	24319
ENSG00000183291	86862445	86914424	1	51980
ENSG00000183426	14922802	14952060	16	29259
ENSG00000183431	37956975	37990517	1	33543
ENSG00000183513	98598242	98608515	2	10274
ENSG00000183576	99395061	99480927	14	85867
ENSG00000183617	3762672	3768575	19	5904
ENSG00000183624	129278441	129306189	3	27749
ENSG00000183648	92116119	92121978	14	5860
ENSG00000183726	25338295	25362362	1	24068
ENSG00000183735	64452090	64502114	12	50025
ENSG00000183864	41433489	41446801	22	13313
ENSG00000183978	42795147	42798704	17	3558
ENSG00000184007	31906421	31944856	1	38436
ENSG00000184009	81509413	81523847	17	14435
ENSG00000184076	29767369	29770413	22	3045
ENSG00000184182	237966827	238045486	2	78660
ENSG00000184209	123458078	123473154	12	15077
ENSG00000184277	101621444	101652391	15	30948
ENSG00000184432	139353942	139389736	3	35795
ENSG00000184575	64404168	64451129	12	46962
ENSG00000184640	77280569	77500596	17	220028
ENSG00000184752	94895297	95003748	12	108452
ENSG00000184787	44768580	44801826	21	33247
ENSG00000184840	177592195	177597242	5	5048
ENSG00000184897	129314771	129316286	3	1516
ENSG00000184900	44805617	44818779	21	13163
ENSG00000185009	74120255	74151055	10	30801
ENSG00000185043	90229975	90234047	15	4073
ENSG00000185122	144291529	144314727	8	23199
ENSG00000185127	169702126	169706360	6	4235
ENSG00000185163	132136591	132144335	12	7745
ENSG00000185236	8389981	8405873	19	15893
ENSG00000185359	81683326	81703138	17	19813
ENSG00000185591	53380176	53416446	12	36271
ENSG00000185619	705748	770089	4	64342
ENSG00000185624	81843159	81860856	17	17698
ENSG00000185650	68787655	68796253	14	8599
ENSG00000185651	21549447	21624034	22	74588
ENSG00000185721	31399560	31528740	22	129181
ENSG00000185722	4163821	4263995	17	100175
ENSG00000185787	78810487	78903078	15	92592
ENSG00000185825	153698006	153725957	X	27952
ENSG00000185883	2513713	2520218	16	6506
ENSG00000185896	113297088	113323674	13	26587
ENSG00000186063	222668013	222713210	1	45198
ENSG00000186111	3630181	3700487	19	70307
ENSG00000186141	145823959	145844721	1	20763
ENSG00000186184	27620742	27744237	13	123496
ENSG00000186222	6716174	6717664	4	1491
ENSG00000186283	179081854	179098023	1	16170
ENSG00000186298	110719680	110742939	12	23260
ENSG00000186432	160495007	160565587	3	70581
ENSG00000186468	82273320	82278414	5	5095
ENSG00000186591	129830732	129952977	7	122246
ENSG00000186660	58578476	58621550	11	43075
ENSG00000186834	45148475	45152099	17	3625
ENSG00000186918	28345590	28402701	8	57112
ENSG00000187051	39529088	39532767	22	3680
ENSG00000187109	76032987	76085261	12	52275
ENSG00000187325	78129748	78139688	X	9941
ENSG00000187446	41230824	41281888	15	51065
ENSG00000187514	231706895	231713552	2	6658
ENSG00000187522	14838306	14871741	10	33436
ENSG00000187555	8892097	8975328	16	83232
ENSG00000187713	137204082	137205648	9	1567
ENSG00000187778	49556544	49568145	12	11602
ENSG00000187866	68780065	68785566	9	5502
ENSG00000188186	100148912	100155944	7	7033
ENSG00000188243	75525214	75549439	13	24226
ENSG00000188342	45120443	45284907	13	164465
ENSG00000188529	23964347	23980927	1	16581
ENSG00000188612	75165586	75182991	17	17406
ENSG00000188846	40457292	40468587	3	11296
ENSG00000188895	40121971	40136917	17	14947
ENSG00000188976	943527	960714	1	17188
ENSG00000188986	137255327	137273542	9	18216
ENSG00000189043	10931943	10940531	7	8589
ENSG00000189241	116267760	116279930	6	12171
ENSG00000189266	23956839	23963776	1	6938
ENSG00000189306	42507982	42519853	22	11872
ENSG00000189403	30456704	30618872	13	162169
ENSG00000196072	100273280	100286697	10	13418
ENSG00000196199	19633659	19673441	13	39783
ENSG00000196230	30717435	30725538	6	8104
ENSG00000196262	44796678	44824564	7	27887
ENSG00000196365	5691834	5720572	19	28739
ENSG00000196396	50510321	50585241	20	74921
ENSG00000196453	149431363	149461062	7	29700
ENSG00000196504	152651593	152718048	2	66456
ENSG00000196531	56712305	56731628	12	19324
ENSG00000196642	136807927	136841187	9	33261
ENSG00000196683	22812628	22822849	7	10222
ENSG00000196792	30893799	31026418	14	132620
ENSG00000196821	34587288	34696881	6	109594
ENSG00000196850	110533245	110583383	12	50139
ENSG00000196943	24299850	24309124	14	9275
ENSG00000196961	49766990	49807114	19	40125
ENSG00000197006	21597218	21657471	16	60254
ENSG00000197111	53451900	53481162	12	29263
ENSG00000197157	127652145	128092609	7	440465
ENSG00000197170	67337916	67366605	17	28690
ENSG00000197217	23385783	23457716	8	71934
ENSG00000197265	30578318	30660846	8	82529
ENSG00000197345	68891276	68903835	11	12560
ENSG00000197386	3041363	3243957	4	202595
ENSG00000197448	143244093	143270873	7	26781
ENSG00000197451	178204479	178211183	5	6705
ENSG00000197622	151050971	151070325	1	19355
ENSG00000197746	71816289	71851330	10	35042
ENSG00000197756	216498797	216579180	2	80384
ENSG00000197771	119829060	119892556	10	63497
ENSG00000197858	144082337	144093149	8	10813
ENSG00000197894	99070978	99088801	4	17824
ENSG00000197912	89490719	89557766	16	67048
ENSG00000197956	153534591	153536549	1	1959
ENSG00000197965	167721192	167791919	1	70728
ENSG00000198034	72255679	72277312	X	21634
ENSG00000198060	92291167	92353964	10	62798
ENSG00000198162	117367449	117528872	1	161424
ENSG00000198169	144720515	144756417	8	35903
ENSG00000198171	3188734	3204700	20	15967
ENSG00000198176	113584525	113641509	13	56985
ENSG00000198218	49029707	49094545	3	64839
ENSG00000198242	28719983	28724359	17	4377
ENSG00000198258	9827892	9830137	19	2246
ENSG00000198356	12737139	12748325	19	11187
ENSG00000198408	101784443	101818620	10	34178
ENSG00000198420	143851364	143903890	7	52527
ENSG00000198517	1530702	1543049	7	12348
ENSG00000198663	36871870	36928964	6	57095
ENSG00000198668	90396502	90408268	14	11767
ENSG00000198677	95461755	95555050	5	93296
ENSG00000198700	201829104	201884291	1	55188
ENSG00000198728	102106489	102120368	10	13880
ENSG00000198742	99027435	99144164	7	116730
ENSG00000198752	102932380	103057549	14	125170
ENSG00000198755	35468366	35470785	6	2420
ENSG00000198791	17224966	17247726	8	22761
ENSG00000198792	38219290	38273805	22	54516
ENSG00000198793	11106531	11262556	1	156026
ENSG00000198818	166319724	166342590	6	22867
ENSG00000198830	26472013	26478209	1	6197
ENSG00000198833	89326608	89352902	6	26295
ENSG00000198837	153928864	153946744	1	17881
ENSG00000198843	150602875	150630436	3	27562
ENSG00000198856	108650585	108667820	4	17236
ENSG00000198858	896503	913245	19	16743
ENSG00000198876	34086384	34127399	9	41016
ENSG00000198894	77098126	77117287	14	19162
ENSG00000198900	41028822	41124487	20	95666
ENSG00000198909	63622381	63696305	17	73925
ENSG00000198911	41833099	41907308	22	74210
ENSG00000198912	3889125	3900293	1	11169
ENSG00000198917	128819651	128829815	9	10165
ENSG00000198918	119786497	119791662	X	5166
ENSG00000198931	88809339	88811963	16	2625
ENSG00000198954	68988803	69043544	10	54742
ENSG00000203879	154436600	154443467	X	6868
ENSG00000203880	64254921	64304820	20	49900
ENSG00000203950	135050932	135052196	X	1265
ENSG00000204070	45359977	45376798	20	16822
ENSG00000204227	33208491	33212722	6	4232
ENSG00000204231	33193588	33200666	6	7079
ENSG00000204304	32184733	32190202	6	5470
ENSG00000204310	32168205	32178096	6	9892
ENSG00000204316	75898643	75905093	17	6451
ENSG00000204370	112086824	112120016	11	33193
ENSG00000204386	31857063	31862905	6	5843
ENSG00000204392	31797392	31806987	6	9596
ENSG00000204394	31777518	31795950	6	18433
ENSG00000204435	31665227	31670343	6	5117
ENSG00000204439	31658298	31660778	6	2481
ENSG00000204463	31638544	31652747	6	14204
ENSG00000204525	31268749	31272130	6	3382
ENSG00000204569	30600400	30618612	6	18213
ENSG00000204592	30489503	30494205	6	4703
ENSG00000204619	30066709	30070333	6	3625
ENSG00000204628	181236897	181248096	5	11200
ENSG00000204822	74471982	74472687	2	706
ENSG00000205138	35995188	35996312	19	1125
ENSG00000205250	67192155	67198918	16	6764
ENSG00000205323	55752463	55817748	12	65286
ENSG00000205339	9384626	9448127	11	63502
ENSG00000205356	98214624	98252235	7	37612
ENSG00000205531	2944429	2992386	11	47958
ENSG00000205542	12975107	12977227	X	2121
ENSG00000205544	7402975	7404097	17	1123
ENSG00000205629	25111731	25178231	16	66501
ENSG00000205670	34375131	34416961	21	41831
ENSG00000205937	2253116	2268397	16	15282
ENSG00000206503	29941260	29949572	6	8313
ENSG00000211450	57741491	57743554	11	2064
ENSG00000211460	121737103	121767853	2	30751
ENSG00000213221	136359480	136363744	9	4265
ENSG00000213246	58345175	58353093	17	7919
ENSG00000213465	65014144	65024328	11	10185
ENSG00000213551	73183362	73247280	10	63919
ENSG00000213585	133971871	134005360	5	33490
ENSG00000213593	57712562	57742987	11	30426
ENSG00000213619	47565336	47584565	11	19230
ENSG00000213625	65420587	65436007	1	15421
ENSG00000213676	32115264	32128253	6	12990
ENSG00000213741	49570984	49599164	14	28181
ENSG00000213782	12813316	12829981	12	16666
ENSG00000213977	3662895	3668679	17	5785
ENSG00000214026	1947278	1986375	11	39098
ENSG00000214253	101239458	101252316	7	12859
ENSG00000214736	41787652	41790064	6	2413
ENSG00000214753	62712630	62727561	11	14932
ENSG00000215301	41333348	41364472	X	31125
ENSG00000215305	2840689	2866800	20	26112
ENSG00000215440	58689131	58719238	20	30108
ENSG00000215717	109090367	109096935	1	6569
ENSG00000217930	4331549	4355607	16	24059
ENSG00000218739	37191473	37216555	2	25083
ENSG00000219200	7012417	7014532	17	2116
ENSG00000220205	8159149	8163546	17	4398
ENSG00000221978	1385711	1399339	1	13629
ENSG00000221983	18571730	18577550	19	5821
ENSG00000223501	33250272	33272047	6	21776
ENSG00000224877	81239305	81241310	17	2006
ENSG00000225663	81821790	81833302	17	11513
ENSG00000225921	13615335	13633912	6	18578
ENSG00000227057	33279108	33289247	6	10140
ENSG00000228474	27070470	27071685	2	1216
ENSG00000229117	56116590	56117967	12	1378
ENSG00000230124	180269653	180502954	1	233302
ENSG00000230989	83719311	83819737	16	100427
ENSG00000231500	33272075	33276511	6	4437
ENSG00000231925	33299694	33314284	6	14591
ENSG00000232112	48440213	48444218	3	4006
ENSG00000232119	120594010	120621159	X	27150
ENSG00000232388	18567347	18569563	20	2217
ENSG00000232838	18137863	18143169	20	5307
ENSG00000233276	49357174	49358605	3	1432
ENSG00000233927	8320900	8323567	19	2668
ENSG00000234745	31353867	31367067	6	13201
ENSG00000236287	10812074	10858796	11	46723
ENSG00000237190	134402065	134411881	5	9817
ENSG00000239306	66616626	66629934	11	13309
ENSG00000239789	55950705	55956500	7	5796
ENSG00000239857	876486	896436	7	19951
ENSG00000240857	18554723	18560679	2	5957
ENSG00000240972	23894372	23895227	22	856
ENSG00000241343	101390824	101396155	X	5332
ENSG00000241468	99448475	99466199	7	17725
ENSG00000241685	99325880	99366267	7	40388
ENSG00000241837	33901028	33915853	21	14826
ENSG00000241945	44107358	44131181	21	23824
ENSG00000242247	42796502	42858106	22	61605
ENSG00000242259	19351368	19447711	22	96344
ENSG00000242485	1401908	1407306	1	5399
ENSG00000242616	111661561	111670473	9	8913
ENSG00000243056	140547662	140549576	5	1915
ENSG00000243147	27771717	27988087	2	216371
ENSG00000243678	51163013	51171749	17	8737
ENSG00000243927	34073224	34362252	21	289029
ENSG00000244687	50081122	50115959	20	34838
ENSG00000246705	14774405	14778002	12	3598
ENSG00000247077	132710786	132722734	12	11949
ENSG00000247596	52228612	52246788	3	18177
ENSG00000249915	271621	314974	5	43354
ENSG00000253719	74537835	74545430	12	7596
ENSG00000254772	62559595	62574086	11	14492
ENSG00000254999	10115673	10127190	3	11518
ENSG00000255302	48878134	48880173	15	2040
ENSG00000257103	34172426	34229302	19	56877
ENSG00000259494	88459468	88467420	15	7953
ENSG00000261221	55605638	55617269	19	11632
ENSG00000262664	2042022	2043425	17	1404
ENSG00000262814	81703367	81707517	17	4151
ENSG00000264364	58082863	58095542	17	12680
ENSG00000265241	145921065	145928067	1	7003
ENSG00000265681	49488346	49492564	18	4219
ENSG00000266967	42950431	42964498	17	14068
ENSG00000269858	40798996	40808444	19	9449
ENSG00000270170	196942674	196943543	3	870
ENSG00000273841	69362026	69370026	5	8001
ENSG00000278615	62662817	62665210	11	2394
ENSG00000285976	63572480	63583588	6	11109
ENSG00000286140	69118010	69132588	16	14579
