gene_id	reason
ENSPTRG00000000011	Not found among chromosome-restricted Ensembl 115 genes with exact biotype protein_coding
ENSPTRG00000000012	Not found among chromosome-restricted Ensembl 115 genes with exact biotype protein_coding
ENSPTRG00000000023	Not found among chromosome-restricted Ensembl 115 genes with exact biotype protein_coding
ENSPTRG00000000036	Not found among chromosome-restricted Ensembl 115 genes with exact biotype protein_coding
ENSPTRG00000000117	Not found among chromosome-restricted Ensembl 115 genes with exact biotype protein_coding
ENSPTRG00000000326	Not found among chromosome-restricted Ensembl 115 genes with exact biotype protein_coding
ENSPTRG00000000328	Not found among chromosome-restricted Ensembl 115 genes with exact biotype protein_coding
ENSPTRG00000000359	Not found among chromosome-restricted Ensembl 115 genes with exact biotype protein_coding
ENSPTRG00000000379	Not found among chromosome-restricted Ensembl 115 genes with exact biotype protein_coding
ENSPTRG00000000398	Not found among chromosome-restricted Ensembl 115 genes with exact biotype protein_coding
ENSPTRG00000000467	Not found among chromosome-restricted Ensembl 115 genes with exact biotype protein_coding
ENSPTRG00000000477	Not found among chromosome-restricted Ensembl 115 genes with exact biotype protein_coding
ENSPTRG00000000487	Not found among chromosome-restricted Ensembl 115 genes with exact biotype protein_coding
ENSPTRG00000000569	Not found among chromosome-restricted Ensembl 115 genes with exact biotype protein_coding
ENSPTRG00000000574	Not found among chromosome-restricted Ensembl 115 genes with exact biotype protein_coding
ENSPTRG00000000595	Not found among chromosome-restricted Ensembl 115 genes with exact biotype protein_coding
ENSPTRG00000000612	Not found among chromosome-restricted Ensembl 115 genes with exact biotype protein_coding
ENSPTRG00000000696	Not found among chromosome-restricted Ensembl 115 genes with exact biotype protein_coding
ENSPTRG00000000699	Not found among chromosome-restricted Ensembl 115 genes with exact biotype protein_coding
ENSPTRG00000000926	Not found among chromosome-restricted Ensembl 115 genes with exact biotype protein_coding
ENSPTRG00000000933	Not found among chromosome-restricted Ensembl 115 genes with exact biotype protein_coding
ENSPTRG00000001146	Not found among chromosome-restricted Ensembl 115 genes with exact biotype protein_coding
ENSPTRG00000001182	Not found among chromosome-restricted Ensembl 115 genes with exact biotype protein_coding
ENSPTRG00000001585	Not found among chromosome-restricted Ensembl 115 genes with exact biotype protein_coding
ENSPTRG00000001627	Not found among chromosome-restricted Ensembl 115 genes with exact biotype protein_coding
ENSPTRG00000001693	Not found among chromosome-restricted Ensembl 115 genes with exact biotype protein_coding
ENSPTRG00000001706	Not found among chromosome-restricted Ensembl 115 genes with exact biotype protein_coding
ENSPTRG00000001904	Not found among chromosome-restricted Ensembl 115 genes with exact biotype protein_coding
ENSPTRG00000001991	Not found among chromosome-restricted Ensembl 115 genes with exact biotype protein_coding
ENSPTRG00000002020	Not found among chromosome-restricted Ensembl 115 genes with exact biotype protein_coding
ENSPTRG00000002156	Not found among chromosome-restricted Ensembl 115 genes with exact biotype protein_coding
ENSPTRG00000002237	Not found among chromosome-restricted Ensembl 115 genes with exact biotype protein_coding
ENSPTRG00000002361	Not found among chromosome-restricted Ensembl 115 genes with exact biotype protein_coding
ENSPTRG00000002455	Not found among chromosome-restricted Ensembl 115 genes with exact biotype protein_coding
ENSPTRG00000002470	Not found among chromosome-restricted Ensembl 115 genes with exact biotype protein_coding
ENSPTRG00000002510	Not found among chromosome-restricted Ensembl 115 genes with exact biotype protein_coding
ENSPTRG00000002610	Not found among chromosome-restricted Ensembl 115 genes with exact biotype protein_coding
ENSPTRG00000002622	Not found among chromosome-restricted Ensembl 115 genes with exact biotype protein_coding
ENSPTRG00000002657	Not found among chromosome-restricted Ensembl 115 genes with exact biotype protein_coding
ENSPTRG00000002699	Not found among chromosome-restricted Ensembl 115 genes with exact biotype protein_coding
ENSPTRG00000002817	Not found among chromosome-restricted Ensembl 115 genes with exact biotype protein_coding
ENSPTRG00000002844	Not found among chromosome-restricted Ensembl 115 genes with exact biotype protein_coding
ENSPTRG00000002872	Not found among chromosome-restricted Ensembl 115 genes with exact biotype protein_coding
ENSPTRG00000003105	Not found among chromosome-restricted Ensembl 115 genes with exact biotype protein_coding
ENSPTRG00000003136	Not found among chromosome-restricted Ensembl 115 genes with exact biotype protein_coding
ENSPTRG00000003141	Not found among chromosome-restricted Ensembl 115 genes with exact biotype protein_coding
ENSPTRG00000003159	Not found among chromosome-restricted Ensembl 115 genes with exact biotype protein_coding
ENSPTRG00000003301	Not found among chromosome-restricted Ensembl 115 genes with exact biotype protein_coding
ENSPTRG00000003337	Not found among chromosome-restricted Ensembl 115 genes with exact biotype protein_coding
ENSPTRG00000003395	Not found among chromosome-restricted Ensembl 115 genes with exact biotype protein_coding
ENSPTRG00000003475	Not found among chromosome-restricted Ensembl 115 genes with exact biotype protein_coding
ENSPTRG00000003508	Not found among chromosome-restricted Ensembl 115 genes with exact biotype protein_coding
ENSPTRG00000003730	Not found among chromosome-restricted Ensembl 115 genes with exact biotype protein_coding
ENSPTRG00000003778	Not found among chromosome-restricted Ensembl 115 genes with exact biotype protein_coding
ENSPTRG00000003786	Not found among chromosome-restricted Ensembl 115 genes with exact biotype protein_coding
ENSPTRG00000003793	Not found among chromosome-restricted Ensembl 115 genes with exact biotype protein_coding
ENSPTRG00000003810	Not found among chromosome-restricted Ensembl 115 genes with exact biotype protein_coding
ENSPTRG00000003862	Not found among chromosome-restricted Ensembl 115 genes with exact biotype protein_coding
ENSPTRG00000003875	Not found among chromosome-restricted Ensembl 115 genes with exact biotype protein_coding
ENSPTRG00000003906	Not found among chromosome-restricted Ensembl 115 genes with exact biotype protein_coding
ENSPTRG00000003952	Not found among chromosome-restricted Ensembl 115 genes with exact biotype protein_coding
ENSPTRG00000004006	Not found among chromosome-restricted Ensembl 115 genes with exact biotype protein_coding
ENSPTRG00000004026	Not found among chromosome-restricted Ensembl 115 genes with exact biotype protein_coding
ENSPTRG00000004050	Not found among chromosome-restricted Ensembl 115 genes with exact biotype protein_coding
ENSPTRG00000004070	Not found among chromosome-restricted Ensembl 115 genes with exact biotype protein_coding
ENSPTRG00000004104	Not found among chromosome-restricted Ensembl 115 genes with exact biotype protein_coding
ENSPTRG00000004111	Not found among chromosome-restricted Ensembl 115 genes with exact biotype protein_coding
ENSPTRG00000004150	Not found among chromosome-restricted Ensembl 115 genes with exact biotype protein_coding
ENSPTRG00000004282	Not found among chromosome-restricted Ensembl 115 genes with exact biotype protein_coding
ENSPTRG00000004331	Not found among chromosome-restricted Ensembl 115 genes with exact biotype protein_coding
ENSPTRG00000004366	Not found among chromosome-restricted Ensembl 115 genes with exact biotype protein_coding
ENSPTRG00000004600	Not found among chromosome-restricted Ensembl 115 genes with exact biotype protein_coding
ENSPTRG00000004603	Not found among chromosome-restricted Ensembl 115 genes with exact biotype protein_coding
ENSPTRG00000004670	Not found among chromosome-restricted Ensembl 115 genes with exact biotype protein_coding
ENSPTRG00000004679	Not found among chromosome-restricted Ensembl 115 genes with exact biotype protein_coding
ENSPTRG00000004926	Not found among chromosome-restricted Ensembl 115 genes with exact biotype protein_coding
ENSPTRG00000004997	Not found among chromosome-restricted Ensembl 115 genes with exact biotype protein_coding
ENSPTRG00000005091	Not found among chromosome-restricted Ensembl 115 genes with exact biotype protein_coding
ENSPTRG00000005110	Not found among chromosome-restricted Ensembl 115 genes with exact biotype protein_coding
ENSPTRG00000005127	Not found among chromosome-restricted Ensembl 115 genes with exact biotype protein_coding
ENSPTRG00000005191	Not found among chromosome-restricted Ensembl 115 genes with exact biotype protein_coding
ENSPTRG00000005373	Not found among chromosome-restricted Ensembl 115 genes with exact biotype protein_coding
ENSPTRG00000005376	Not found among chromosome-restricted Ensembl 115 genes with exact biotype protein_coding
ENSPTRG00000005424	Not found among chromosome-restricted Ensembl 115 genes with exact biotype protein_coding
ENSPTRG00000005474	Not found among chromosome-restricted Ensembl 115 genes with exact biotype protein_coding
ENSPTRG00000005475	Not found among chromosome-restricted Ensembl 115 genes with exact biotype protein_coding
ENSPTRG00000005598	Not found among chromosome-restricted Ensembl 115 genes with exact biotype protein_coding
ENSPTRG00000005600	Not found among chromosome-restricted Ensembl 115 genes with exact biotype protein_coding
ENSPTRG00000005619	Not found among chromosome-restricted Ensembl 115 genes with exact biotype protein_coding
ENSPTRG00000005648	Not found among chromosome-restricted Ensembl 115 genes with exact biotype protein_coding
ENSPTRG00000005694	Not found among chromosome-restricted Ensembl 115 genes with exact biotype protein_coding
ENSPTRG00000005755	Not found among chromosome-restricted Ensembl 115 genes with exact biotype protein_coding
ENSPTRG00000005796	Not found among chromosome-restricted Ensembl 115 genes with exact biotype protein_coding
ENSPTRG00000005803	Not found among chromosome-restricted Ensembl 115 genes with exact biotype protein_coding
ENSPTRG00000005810	Not found among chromosome-restricted Ensembl 115 genes with exact biotype protein_coding
ENSPTRG00000005831	Not found among chromosome-restricted Ensembl 115 genes with exact biotype protein_coding
ENSPTRG00000006026	Not found among chromosome-restricted Ensembl 115 genes with exact biotype protein_coding
ENSPTRG00000006035	Not found among chromosome-restricted Ensembl 115 genes with exact biotype protein_coding
ENSPTRG00000006066	Not found among chromosome-restricted Ensembl 115 genes with exact biotype protein_coding
ENSPTRG00000006168	Not found among chromosome-restricted Ensembl 115 genes with exact biotype protein_coding
ENSPTRG00000006205	Not found among chromosome-restricted Ensembl 115 genes with exact biotype protein_coding
ENSPTRG00000006206	Not found among chromosome-restricted Ensembl 115 genes with exact biotype protein_coding
ENSPTRG00000006324	Not found among chromosome-restricted Ensembl 115 genes with exact biotype protein_coding
ENSPTRG00000006369	Not found among chromosome-restricted Ensembl 115 genes with exact biotype protein_coding
ENSPTRG00000006444	Not found among chromosome-restricted Ensembl 115 genes with exact biotype protein_coding
ENSPTRG00000006494	Not found among chromosome-restricted Ensembl 115 genes with exact biotype protein_coding
ENSPTRG00000006552	Not found among chromosome-restricted Ensembl 115 genes with exact biotype protein_coding
ENSPTRG00000006759	Not found among chromosome-restricted Ensembl 115 genes with exact biotype protein_coding
ENSPTRG00000006788	Not found among chromosome-restricted Ensembl 115 genes with exact biotype protein_coding
ENSPTRG00000006819	Not found among chromosome-restricted Ensembl 115 genes with exact biotype protein_coding
ENSPTRG00000006844	Not found among chromosome-restricted Ensembl 115 genes with exact biotype protein_coding
ENSPTRG00000006848	Not found among chromosome-restricted Ensembl 115 genes with exact biotype protein_coding
ENSPTRG00000007014	Not found among chromosome-restricted Ensembl 115 genes with exact biotype protein_coding
ENSPTRG00000007303	Not found among chromosome-restricted Ensembl 115 genes with exact biotype protein_coding
ENSPTRG00000007399	Not found among chromosome-restricted Ensembl 115 genes with exact biotype protein_coding
ENSPTRG00000007511	Not found among chromosome-restricted Ensembl 115 genes with exact biotype protein_coding
ENSPTRG00000007539	Not found among chromosome-restricted Ensembl 115 genes with exact biotype protein_coding
ENSPTRG00000007541	Not found among chromosome-restricted Ensembl 115 genes with exact biotype protein_coding
ENSPTRG00000007623	Not found among chromosome-restricted Ensembl 115 genes with exact biotype protein_coding
ENSPTRG00000007697	Not found among chromosome-restricted Ensembl 115 genes with exact biotype protein_coding
ENSPTRG00000007715	Not found among chromosome-restricted Ensembl 115 genes with exact biotype protein_coding
ENSPTRG00000007727	Not found among chromosome-restricted Ensembl 115 genes with exact biotype protein_coding
ENSPTRG00000007891	Not found among chromosome-restricted Ensembl 115 genes with exact biotype protein_coding
ENSPTRG00000007935	Not found among chromosome-restricted Ensembl 115 genes with exact biotype protein_coding
ENSPTRG00000007946	Not found among chromosome-restricted Ensembl 115 genes with exact biotype protein_coding
ENSPTRG00000007991	Not found among chromosome-restricted Ensembl 115 genes with exact biotype protein_coding
ENSPTRG00000008006	Not found among chromosome-restricted Ensembl 115 genes with exact biotype protein_coding
ENSPTRG00000008027	Not found among chromosome-restricted Ensembl 115 genes with exact biotype protein_coding
ENSPTRG00000008193	Not found among chromosome-restricted Ensembl 115 genes with exact biotype protein_coding
ENSPTRG00000008213	Not found among chromosome-restricted Ensembl 115 genes with exact biotype protein_coding
ENSPTRG00000008247	Not found among chromosome-restricted Ensembl 115 genes with exact biotype protein_coding
ENSPTRG00000008485	Not found among chromosome-restricted Ensembl 115 genes with exact biotype protein_coding
ENSPTRG00000008498	Not found among chromosome-restricted Ensembl 115 genes with exact biotype protein_coding
ENSPTRG00000008522	Not found among chromosome-restricted Ensembl 115 genes with exact biotype protein_coding
ENSPTRG00000008589	Not found among chromosome-restricted Ensembl 115 genes with exact biotype protein_coding
ENSPTRG00000008622	Not found among chromosome-restricted Ensembl 115 genes with exact biotype protein_coding
ENSPTRG00000008654	Not found among chromosome-restricted Ensembl 115 genes with exact biotype protein_coding
ENSPTRG00000008813	Not found among chromosome-restricted Ensembl 115 genes with exact biotype protein_coding
ENSPTRG00000008835	Not found among chromosome-restricted Ensembl 115 genes with exact biotype protein_coding
ENSPTRG00000008913	Not found among chromosome-restricted Ensembl 115 genes with exact biotype protein_coding
ENSPTRG00000008928	Not found among chromosome-restricted Ensembl 115 genes with exact biotype protein_coding
ENSPTRG00000009075	Not found among chromosome-restricted Ensembl 115 genes with exact biotype protein_coding
ENSPTRG00000009218	Not found among chromosome-restricted Ensembl 115 genes with exact biotype protein_coding
ENSPTRG00000009250	Not found among chromosome-restricted Ensembl 115 genes with exact biotype protein_coding
ENSPTRG00000009298	Not found among chromosome-restricted Ensembl 115 genes with exact biotype protein_coding
ENSPTRG00000009366	Not found among chromosome-restricted Ensembl 115 genes with exact biotype protein_coding
ENSPTRG00000009415	Not found among chromosome-restricted Ensembl 115 genes with exact biotype protein_coding
ENSPTRG00000009426	Not found among chromosome-restricted Ensembl 115 genes with exact biotype protein_coding
ENSPTRG00000009569	Not found among chromosome-restricted Ensembl 115 genes with exact biotype protein_coding
ENSPTRG00000009585	Not found among chromosome-restricted Ensembl 115 genes with exact biotype protein_coding
ENSPTRG00000009599	Not found among chromosome-restricted Ensembl 115 genes with exact biotype protein_coding
ENSPTRG00000009703	Not found among chromosome-restricted Ensembl 115 genes with exact biotype protein_coding
ENSPTRG00000009720	Not found among chromosome-restricted Ensembl 115 genes with exact biotype protein_coding
ENSPTRG00000009749	Not found among chromosome-restricted Ensembl 115 genes with exact biotype protein_coding
ENSPTRG00000009762	Not found among chromosome-restricted Ensembl 115 genes with exact biotype protein_coding
ENSPTRG00000009769	Not found among chromosome-restricted Ensembl 115 genes with exact biotype protein_coding
ENSPTRG00000009840	Not found among chromosome-restricted Ensembl 115 genes with exact biotype protein_coding
ENSPTRG00000009864	Not found among chromosome-restricted Ensembl 115 genes with exact biotype protein_coding
ENSPTRG00000010005	Not found among chromosome-restricted Ensembl 115 genes with exact biotype protein_coding
ENSPTRG00000010119	Not found among chromosome-restricted Ensembl 115 genes with exact biotype protein_coding
ENSPTRG00000010136	Not found among chromosome-restricted Ensembl 115 genes with exact biotype protein_coding
ENSPTRG00000010400	Not found among chromosome-restricted Ensembl 115 genes with exact biotype protein_coding
ENSPTRG00000010432	Not found among chromosome-restricted Ensembl 115 genes with exact biotype protein_coding
ENSPTRG00000010663	Not found among chromosome-restricted Ensembl 115 genes with exact biotype protein_coding
ENSPTRG00000010772	Not found among chromosome-restricted Ensembl 115 genes with exact biotype protein_coding
ENSPTRG00000010808	Not found among chromosome-restricted Ensembl 115 genes with exact biotype protein_coding
ENSPTRG00000010891	Not found among chromosome-restricted Ensembl 115 genes with exact biotype protein_coding
ENSPTRG00000011138	Not found among chromosome-restricted Ensembl 115 genes with exact biotype protein_coding
ENSPTRG00000011158	Not found among chromosome-restricted Ensembl 115 genes with exact biotype protein_coding
ENSPTRG00000011159	Not found among chromosome-restricted Ensembl 115 genes with exact biotype protein_coding
ENSPTRG00000011193	Not found among chromosome-restricted Ensembl 115 genes with exact biotype protein_coding
ENSPTRG00000011311	Not found among chromosome-restricted Ensembl 115 genes with exact biotype protein_coding
ENSPTRG00000011353	Not found among chromosome-restricted Ensembl 115 genes with exact biotype protein_coding
ENSPTRG00000011729	Not found among chromosome-restricted Ensembl 115 genes with exact biotype protein_coding
ENSPTRG00000011921	Not found among chromosome-restricted Ensembl 115 genes with exact biotype protein_coding
ENSPTRG00000012030	Not found among chromosome-restricted Ensembl 115 genes with exact biotype protein_coding
ENSPTRG00000012163	Not found among chromosome-restricted Ensembl 115 genes with exact biotype protein_coding
ENSPTRG00000012214	Not found among chromosome-restricted Ensembl 115 genes with exact biotype protein_coding
ENSPTRG00000012347	Not found among chromosome-restricted Ensembl 115 genes with exact biotype protein_coding
ENSPTRG00000012385	Not found among chromosome-restricted Ensembl 115 genes with exact biotype protein_coding
ENSPTRG00000012388	Not found among chromosome-restricted Ensembl 115 genes with exact biotype protein_coding
ENSPTRG00000012405	Not found among chromosome-restricted Ensembl 115 genes with exact biotype protein_coding
ENSPTRG00000012410	Not found among chromosome-restricted Ensembl 115 genes with exact biotype protein_coding
ENSPTRG00000012426	Not found among chromosome-restricted Ensembl 115 genes with exact biotype protein_coding
ENSPTRG00000012468	Not found among chromosome-restricted Ensembl 115 genes with exact biotype protein_coding
ENSPTRG00000012623	Not found among chromosome-restricted Ensembl 115 genes with exact biotype protein_coding
ENSPTRG00000012661	Not found among chromosome-restricted Ensembl 115 genes with exact biotype protein_coding
ENSPTRG00000012699	Not found among chromosome-restricted Ensembl 115 genes with exact biotype protein_coding
ENSPTRG00000012843	Not found among chromosome-restricted Ensembl 115 genes with exact biotype protein_coding
ENSPTRG00000012874	Not found among chromosome-restricted Ensembl 115 genes with exact biotype protein_coding
ENSPTRG00000012968	Not found among chromosome-restricted Ensembl 115 genes with exact biotype protein_coding
ENSPTRG00000013014	Not found among chromosome-restricted Ensembl 115 genes with exact biotype protein_coding
ENSPTRG00000013094	Not found among chromosome-restricted Ensembl 115 genes with exact biotype protein_coding
ENSPTRG00000013106	Not found among chromosome-restricted Ensembl 115 genes with exact biotype protein_coding
ENSPTRG00000013449	Not found among chromosome-restricted Ensembl 115 genes with exact biotype protein_coding
ENSPTRG00000013475	Not found among chromosome-restricted Ensembl 115 genes with exact biotype protein_coding
ENSPTRG00000013487	Not found among chromosome-restricted Ensembl 115 genes with exact biotype protein_coding
ENSPTRG00000013506	Not found among chromosome-restricted Ensembl 115 genes with exact biotype protein_coding
ENSPTRG00000013521	Not found among chromosome-restricted Ensembl 115 genes with exact biotype protein_coding
ENSPTRG00000013604	Not found among chromosome-restricted Ensembl 115 genes with exact biotype protein_coding
ENSPTRG00000013671	Not found among chromosome-restricted Ensembl 115 genes with exact biotype protein_coding
ENSPTRG00000013688	Not found among chromosome-restricted Ensembl 115 genes with exact biotype protein_coding
ENSPTRG00000013822	Not found among chromosome-restricted Ensembl 115 genes with exact biotype protein_coding
ENSPTRG00000013949	Not found among chromosome-restricted Ensembl 115 genes with exact biotype protein_coding
ENSPTRG00000013959	Not found among chromosome-restricted Ensembl 115 genes with exact biotype protein_coding
ENSPTRG00000013961	Not found among chromosome-restricted Ensembl 115 genes with exact biotype protein_coding
ENSPTRG00000013964	Not found among chromosome-restricted Ensembl 115 genes with exact biotype protein_coding
ENSPTRG00000013970	Not found among chromosome-restricted Ensembl 115 genes with exact biotype protein_coding
ENSPTRG00000013991	Not found among chromosome-restricted Ensembl 115 genes with exact biotype protein_coding
ENSPTRG00000014039	Not found among chromosome-restricted Ensembl 115 genes with exact biotype protein_coding
ENSPTRG00000014062	Not found among chromosome-restricted Ensembl 115 genes with exact biotype protein_coding
ENSPTRG00000014063	Not found among chromosome-restricted Ensembl 115 genes with exact biotype protein_coding
ENSPTRG00000014152	Not found among chromosome-restricted Ensembl 115 genes with exact biotype protein_coding
ENSPTRG00000014230	Not found among chromosome-restricted Ensembl 115 genes with exact biotype protein_coding
ENSPTRG00000014314	Not found among chromosome-restricted Ensembl 115 genes with exact biotype protein_coding
ENSPTRG00000014414	Not found among chromosome-restricted Ensembl 115 genes with exact biotype protein_coding
ENSPTRG00000014430	Not found among chromosome-restricted Ensembl 115 genes with exact biotype protein_coding
ENSPTRG00000014447	Not found among chromosome-restricted Ensembl 115 genes with exact biotype protein_coding
ENSPTRG00000014457	Not found among chromosome-restricted Ensembl 115 genes with exact biotype protein_coding
ENSPTRG00000014567	Not found among chromosome-restricted Ensembl 115 genes with exact biotype protein_coding
ENSPTRG00000014671	Not found among chromosome-restricted Ensembl 115 genes with exact biotype protein_coding
ENSPTRG00000014692	Not found among chromosome-restricted Ensembl 115 genes with exact biotype protein_coding
ENSPTRG00000014906	Not found among chromosome-restricted Ensembl 115 genes with exact biotype protein_coding
ENSPTRG00000014930	Not found among chromosome-restricted Ensembl 115 genes with exact biotype protein_coding
ENSPTRG00000014958	Not found among chromosome-restricted Ensembl 115 genes with exact biotype protein_coding
ENSPTRG00000014987	Not found among chromosome-restricted Ensembl 115 genes with exact biotype protein_coding
ENSPTRG00000015025	Not found among chromosome-restricted Ensembl 115 genes with exact biotype protein_coding
ENSPTRG00000015057	Not found among chromosome-restricted Ensembl 115 genes with exact biotype protein_coding
ENSPTRG00000015131	Not found among chromosome-restricted Ensembl 115 genes with exact biotype protein_coding
ENSPTRG00000015233	Not found among chromosome-restricted Ensembl 115 genes with exact biotype protein_coding
ENSPTRG00000015260	Not found among chromosome-restricted Ensembl 115 genes with exact biotype protein_coding
ENSPTRG00000015291	Not found among chromosome-restricted Ensembl 115 genes with exact biotype protein_coding
ENSPTRG00000015395	Not found among chromosome-restricted Ensembl 115 genes with exact biotype protein_coding
ENSPTRG00000015473	Not found among chromosome-restricted Ensembl 115 genes with exact biotype protein_coding
ENSPTRG00000015529	Not found among chromosome-restricted Ensembl 115 genes with exact biotype protein_coding
ENSPTRG00000015544	Not found among chromosome-restricted Ensembl 115 genes with exact biotype protein_coding
ENSPTRG00000015560	Not found among chromosome-restricted Ensembl 115 genes with exact biotype protein_coding
ENSPTRG00000015816	Not found among chromosome-restricted Ensembl 115 genes with exact biotype protein_coding
ENSPTRG00000015828	Not found among chromosome-restricted Ensembl 115 genes with exact biotype protein_coding
ENSPTRG00000015846	Not found among chromosome-restricted Ensembl 115 genes with exact biotype protein_coding
ENSPTRG00000015862	Not found among chromosome-restricted Ensembl 115 genes with exact biotype protein_coding
ENSPTRG00000015882	Not found among chromosome-restricted Ensembl 115 genes with exact biotype protein_coding
ENSPTRG00000015884	Not found among chromosome-restricted Ensembl 115 genes with exact biotype protein_coding
ENSPTRG00000015885	Not found among chromosome-restricted Ensembl 115 genes with exact biotype protein_coding
ENSPTRG00000015889	Not found among chromosome-restricted Ensembl 115 genes with exact biotype protein_coding
ENSPTRG00000015939	Not found among chromosome-restricted Ensembl 115 genes with exact biotype protein_coding
ENSPTRG00000015997	Not found among chromosome-restricted Ensembl 115 genes with exact biotype protein_coding
ENSPTRG00000016019	Not found among chromosome-restricted Ensembl 115 genes with exact biotype protein_coding
ENSPTRG00000016147	Not found among chromosome-restricted Ensembl 115 genes with exact biotype protein_coding
ENSPTRG00000016324	Not found among chromosome-restricted Ensembl 115 genes with exact biotype protein_coding
ENSPTRG00000016362	Not found among chromosome-restricted Ensembl 115 genes with exact biotype protein_coding
ENSPTRG00000016421	Not found among chromosome-restricted Ensembl 115 genes with exact biotype protein_coding
ENSPTRG00000016452	Not found among chromosome-restricted Ensembl 115 genes with exact biotype protein_coding
ENSPTRG00000016456	Not found among chromosome-restricted Ensembl 115 genes with exact biotype protein_coding
ENSPTRG00000016508	Not found among chromosome-restricted Ensembl 115 genes with exact biotype protein_coding
ENSPTRG00000016639	Not found among chromosome-restricted Ensembl 115 genes with exact biotype protein_coding
ENSPTRG00000016772	Not found among chromosome-restricted Ensembl 115 genes with exact biotype protein_coding
ENSPTRG00000016822	Not found among chromosome-restricted Ensembl 115 genes with exact biotype protein_coding
ENSPTRG00000017178	Not found among chromosome-restricted Ensembl 115 genes with exact biotype protein_coding
ENSPTRG00000017226	Not found among chromosome-restricted Ensembl 115 genes with exact biotype protein_coding
ENSPTRG00000017237	Not found among chromosome-restricted Ensembl 115 genes with exact biotype protein_coding
ENSPTRG00000017345	Not found among chromosome-restricted Ensembl 115 genes with exact biotype protein_coding
ENSPTRG00000017410	Not found among chromosome-restricted Ensembl 115 genes with exact biotype protein_coding
ENSPTRG00000017453	Not found among chromosome-restricted Ensembl 115 genes with exact biotype protein_coding
ENSPTRG00000017475	Not found among chromosome-restricted Ensembl 115 genes with exact biotype protein_coding
ENSPTRG00000017562	Not found among chromosome-restricted Ensembl 115 genes with exact biotype protein_coding
ENSPTRG00000017599	Not found among chromosome-restricted Ensembl 115 genes with exact biotype protein_coding
ENSPTRG00000017628	Not found among chromosome-restricted Ensembl 115 genes with exact biotype protein_coding
ENSPTRG00000017650	Not found among chromosome-restricted Ensembl 115 genes with exact biotype protein_coding
ENSPTRG00000017744	Not found among chromosome-restricted Ensembl 115 genes with exact biotype protein_coding
ENSPTRG00000017837	Not found among chromosome-restricted Ensembl 115 genes with exact biotype protein_coding
ENSPTRG00000017915	Not found among chromosome-restricted Ensembl 115 genes with exact biotype protein_coding
ENSPTRG00000017924	Not found among chromosome-restricted Ensembl 115 genes with exact biotype protein_coding
ENSPTRG00000017939	Not found among chromosome-restricted Ensembl 115 genes with exact biotype protein_coding
ENSPTRG00000018314	Not found among chromosome-restricted Ensembl 115 genes with exact biotype protein_coding
ENSPTRG00000018735	Not found among chromosome-restricted Ensembl 115 genes with exact biotype protein_coding
ENSPTRG00000018742	Not found among chromosome-restricted Ensembl 115 genes with exact biotype protein_coding
ENSPTRG00000018832	Not found among chromosome-restricted Ensembl 115 genes with exact biotype protein_coding
ENSPTRG00000018837	Not found among chromosome-restricted Ensembl 115 genes with exact biotype protein_coding
ENSPTRG00000018844	Not found among chromosome-restricted Ensembl 115 genes with exact biotype protein_coding
ENSPTRG00000018845	Not found among chromosome-restricted Ensembl 115 genes with exact biotype protein_coding
ENSPTRG00000018853	Not found among chromosome-restricted Ensembl 115 genes with exact biotype protein_coding
ENSPTRG00000018897	Not found among chromosome-restricted Ensembl 115 genes with exact biotype protein_coding
ENSPTRG00000018911	Not found among chromosome-restricted Ensembl 115 genes with exact biotype protein_coding
ENSPTRG00000018934	Not found among chromosome-restricted Ensembl 115 genes with exact biotype protein_coding
ENSPTRG00000019126	Not found among chromosome-restricted Ensembl 115 genes with exact biotype protein_coding
ENSPTRG00000019130	Not found among chromosome-restricted Ensembl 115 genes with exact biotype protein_coding
ENSPTRG00000019243	Not found among chromosome-restricted Ensembl 115 genes with exact biotype protein_coding
ENSPTRG00000019305	Not found among chromosome-restricted Ensembl 115 genes with exact biotype protein_coding
ENSPTRG00000019385	Not found among chromosome-restricted Ensembl 115 genes with exact biotype protein_coding
ENSPTRG00000019408	Not found among chromosome-restricted Ensembl 115 genes with exact biotype protein_coding
ENSPTRG00000019454	Not found among chromosome-restricted Ensembl 115 genes with exact biotype protein_coding
ENSPTRG00000019468	Not found among chromosome-restricted Ensembl 115 genes with exact biotype protein_coding
ENSPTRG00000019605	Not found among chromosome-restricted Ensembl 115 genes with exact biotype protein_coding
ENSPTRG00000019621	Not found among chromosome-restricted Ensembl 115 genes with exact biotype protein_coding
ENSPTRG00000019754	Not found among chromosome-restricted Ensembl 115 genes with exact biotype protein_coding
ENSPTRG00000019870	Not found among chromosome-restricted Ensembl 115 genes with exact biotype protein_coding
ENSPTRG00000019874	Not found among chromosome-restricted Ensembl 115 genes with exact biotype protein_coding
ENSPTRG00000019888	Not found among chromosome-restricted Ensembl 115 genes with exact biotype protein_coding
ENSPTRG00000019889	Not found among chromosome-restricted Ensembl 115 genes with exact biotype protein_coding
ENSPTRG00000019926	Not found among chromosome-restricted Ensembl 115 genes with exact biotype protein_coding
ENSPTRG00000020037	Not found among chromosome-restricted Ensembl 115 genes with exact biotype protein_coding
ENSPTRG00000020132	Not found among chromosome-restricted Ensembl 115 genes with exact biotype protein_coding
ENSPTRG00000020141	Not found among chromosome-restricted Ensembl 115 genes with exact biotype protein_coding
ENSPTRG00000020181	Not found among chromosome-restricted Ensembl 115 genes with exact biotype protein_coding
ENSPTRG00000020214	Not found among chromosome-restricted Ensembl 115 genes with exact biotype protein_coding
ENSPTRG00000020225	Not found among chromosome-restricted Ensembl 115 genes with exact biotype protein_coding
ENSPTRG00000020345	Not found among chromosome-restricted Ensembl 115 genes with exact biotype protein_coding
ENSPTRG00000020350	Not found among chromosome-restricted Ensembl 115 genes with exact biotype protein_coding
ENSPTRG00000020365	Not found among chromosome-restricted Ensembl 115 genes with exact biotype protein_coding
ENSPTRG00000020566	Not found among chromosome-restricted Ensembl 115 genes with exact biotype protein_coding
ENSPTRG00000020621	Not found among chromosome-restricted Ensembl 115 genes with exact biotype protein_coding
ENSPTRG00000020649	Not found among chromosome-restricted Ensembl 115 genes with exact biotype protein_coding
ENSPTRG00000020929	Not found among chromosome-restricted Ensembl 115 genes with exact biotype protein_coding
ENSPTRG00000020996	Not found among chromosome-restricted Ensembl 115 genes with exact biotype protein_coding
ENSPTRG00000021004	Not found among chromosome-restricted Ensembl 115 genes with exact biotype protein_coding
ENSPTRG00000021021	Not found among chromosome-restricted Ensembl 115 genes with exact biotype protein_coding
ENSPTRG00000021126	Not found among chromosome-restricted Ensembl 115 genes with exact biotype protein_coding
ENSPTRG00000021199	Not found among chromosome-restricted Ensembl 115 genes with exact biotype protein_coding
ENSPTRG00000021528	Not found among chromosome-restricted Ensembl 115 genes with exact biotype protein_coding
ENSPTRG00000021558	Not found among chromosome-restricted Ensembl 115 genes with exact biotype protein_coding
ENSPTRG00000021677	Not found among chromosome-restricted Ensembl 115 genes with exact biotype protein_coding
ENSPTRG00000021723	Not found among chromosome-restricted Ensembl 115 genes with exact biotype protein_coding
ENSPTRG00000021729	Not found among chromosome-restricted Ensembl 115 genes with exact biotype protein_coding
ENSPTRG00000021745	Not found among chromosome-restricted Ensembl 115 genes with exact biotype protein_coding
ENSPTRG00000021786	Not found among chromosome-restricted Ensembl 115 genes with exact biotype protein_coding
ENSPTRG00000021801	Not found among chromosome-restricted Ensembl 115 genes with exact biotype protein_coding
ENSPTRG00000021808	Not found among chromosome-restricted Ensembl 115 genes with exact biotype protein_coding
ENSPTRG00000021821	Not found among chromosome-restricted Ensembl 115 genes with exact biotype protein_coding
ENSPTRG00000021838	Not found among chromosome-restricted Ensembl 115 genes with exact biotype protein_coding
ENSPTRG00000021981	Not found among chromosome-restricted Ensembl 115 genes with exact biotype protein_coding
ENSPTRG00000022019	Not found among chromosome-restricted Ensembl 115 genes with exact biotype protein_coding
ENSPTRG00000022022	Not found among chromosome-restricted Ensembl 115 genes with exact biotype protein_coding
ENSPTRG00000022028	Not found among chromosome-restricted Ensembl 115 genes with exact biotype protein_coding
ENSPTRG00000022039	Not found among chromosome-restricted Ensembl 115 genes with exact biotype protein_coding
ENSPTRG00000022105	Not found among chromosome-restricted Ensembl 115 genes with exact biotype protein_coding
ENSPTRG00000022109	Not found among chromosome-restricted Ensembl 115 genes with exact biotype protein_coding
ENSPTRG00000022112	Not found among chromosome-restricted Ensembl 115 genes with exact biotype protein_coding
ENSPTRG00000022117	Not found among chromosome-restricted Ensembl 115 genes with exact biotype protein_coding
ENSPTRG00000022123	Not found among chromosome-restricted Ensembl 115 genes with exact biotype protein_coding
ENSPTRG00000022131	Not found among chromosome-restricted Ensembl 115 genes with exact biotype protein_coding
ENSPTRG00000022239	Not found among chromosome-restricted Ensembl 115 genes with exact biotype protein_coding
ENSPTRG00000022261	Not found among chromosome-restricted Ensembl 115 genes with exact biotype protein_coding
ENSPTRG00000022389	Not found among chromosome-restricted Ensembl 115 genes with exact biotype protein_coding
ENSPTRG00000022400	Not found among chromosome-restricted Ensembl 115 genes with exact biotype protein_coding
ENSPTRG00000022431	Not found among chromosome-restricted Ensembl 115 genes with exact biotype protein_coding
ENSPTRG00000022432	Not found among chromosome-restricted Ensembl 115 genes with exact biotype protein_coding
ENSPTRG00000022441	Not found among chromosome-restricted Ensembl 115 genes with exact biotype protein_coding
ENSPTRG00000022458	Not found among chromosome-restricted Ensembl 115 genes with exact biotype protein_coding
ENSPTRG00000022464	Not found among chromosome-restricted Ensembl 115 genes with exact biotype protein_coding
ENSPTRG00000022467	Not found among chromosome-restricted Ensembl 115 genes with exact biotype protein_coding
ENSPTRG00000022744	Not found among chromosome-restricted Ensembl 115 genes with exact biotype protein_coding
ENSPTRG00000022752	Not found among chromosome-restricted Ensembl 115 genes with exact biotype protein_coding
ENSPTRG00000022982	Not found among chromosome-restricted Ensembl 115 genes with exact biotype protein_coding
ENSPTRG00000023020	Not found among chromosome-restricted Ensembl 115 genes with exact biotype protein_coding
ENSPTRG00000023064	Not found among chromosome-restricted Ensembl 115 genes with exact biotype protein_coding
ENSPTRG00000023172	Not found among chromosome-restricted Ensembl 115 genes with exact biotype protein_coding
ENSPTRG00000023259	Not found among chromosome-restricted Ensembl 115 genes with exact biotype protein_coding
ENSPTRG00000023423	Not found among chromosome-restricted Ensembl 115 genes with exact biotype protein_coding
ENSPTRG00000023474	Not found among chromosome-restricted Ensembl 115 genes with exact biotype protein_coding
ENSPTRG00000023475	Not found among chromosome-restricted Ensembl 115 genes with exact biotype protein_coding
ENSPTRG00000023480	Not found among chromosome-restricted Ensembl 115 genes with exact biotype protein_coding
ENSPTRG00000023661	Not found among chromosome-restricted Ensembl 115 genes with exact biotype protein_coding
ENSPTRG00000023799	Not found among chromosome-restricted Ensembl 115 genes with exact biotype protein_coding
ENSPTRG00000023826	Not found among chromosome-restricted Ensembl 115 genes with exact biotype protein_coding
ENSPTRG00000023841	Not found among chromosome-restricted Ensembl 115 genes with exact biotype protein_coding
ENSPTRG00000023867	Not found among chromosome-restricted Ensembl 115 genes with exact biotype protein_coding
ENSPTRG00000023887	Not found among chromosome-restricted Ensembl 115 genes with exact biotype protein_coding
ENSPTRG00000023949	Not found among chromosome-restricted Ensembl 115 genes with exact biotype protein_coding
ENSPTRG00000023983	Not found among chromosome-restricted Ensembl 115 genes with exact biotype protein_coding
ENSPTRG00000024131	Not found among chromosome-restricted Ensembl 115 genes with exact biotype protein_coding
ENSPTRG00000024145	Not found among chromosome-restricted Ensembl 115 genes with exact biotype protein_coding
ENSPTRG00000024148	Not found among chromosome-restricted Ensembl 115 genes with exact biotype protein_coding
ENSPTRG00000024258	Not found among chromosome-restricted Ensembl 115 genes with exact biotype protein_coding
ENSPTRG00000024289	Not found among chromosome-restricted Ensembl 115 genes with exact biotype protein_coding
ENSPTRG00000024418	Not found among chromosome-restricted Ensembl 115 genes with exact biotype protein_coding
ENSPTRG00000025652	Not found among chromosome-restricted Ensembl 115 genes with exact biotype protein_coding
ENSPTRG00000025761	Not found among chromosome-restricted Ensembl 115 genes with exact biotype protein_coding
ENSPTRG00000025795	Not found among chromosome-restricted Ensembl 115 genes with exact biotype protein_coding
ENSPTRG00000025837	Not found among chromosome-restricted Ensembl 115 genes with exact biotype protein_coding
ENSPTRG00000026086	Not found among chromosome-restricted Ensembl 115 genes with exact biotype protein_coding
ENSPTRG00000026112	Not found among chromosome-restricted Ensembl 115 genes with exact biotype protein_coding
ENSPTRG00000026273	Not found among chromosome-restricted Ensembl 115 genes with exact biotype protein_coding
ENSPTRG00000026567	Not found among chromosome-restricted Ensembl 115 genes with exact biotype protein_coding
ENSPTRG00000026744	Not found among chromosome-restricted Ensembl 115 genes with exact biotype protein_coding
ENSPTRG00000027152	Not found among chromosome-restricted Ensembl 115 genes with exact biotype protein_coding
ENSPTRG00000028025	Not found among chromosome-restricted Ensembl 115 genes with exact biotype protein_coding
ENSPTRG00000028129	Not found among chromosome-restricted Ensembl 115 genes with exact biotype protein_coding
ENSPTRG00000028131	Not found among chromosome-restricted Ensembl 115 genes with exact biotype protein_coding
ENSPTRG00000028132	Not found among chromosome-restricted Ensembl 115 genes with exact biotype protein_coding
ENSPTRG00000028133	Not found among chromosome-restricted Ensembl 115 genes with exact biotype protein_coding
ENSPTRG00000028134	Not found among chromosome-restricted Ensembl 115 genes with exact biotype protein_coding
ENSPTRG00000028136	Not found among chromosome-restricted Ensembl 115 genes with exact biotype protein_coding
ENSPTRG00000028137	Not found among chromosome-restricted Ensembl 115 genes with exact biotype protein_coding
ENSPTRG00000028138	Not found among chromosome-restricted Ensembl 115 genes with exact biotype protein_coding
ENSPTRG00000028139	Not found among chromosome-restricted Ensembl 115 genes with exact biotype protein_coding
ENSPTRG00000028140	Not found among chromosome-restricted Ensembl 115 genes with exact biotype protein_coding
ENSPTRG00000028141	Not found among chromosome-restricted Ensembl 115 genes with exact biotype protein_coding
ENSPTRG00000028142	Not found among chromosome-restricted Ensembl 115 genes with exact biotype protein_coding
ENSPTRG00000028158	Not found among chromosome-restricted Ensembl 115 genes with exact biotype protein_coding
ENSPTRG00000028160	Not found among chromosome-restricted Ensembl 115 genes with exact biotype protein_coding
ENSPTRG00000028162	Not found among chromosome-restricted Ensembl 115 genes with exact biotype protein_coding
ENSPTRG00000028165	Not found among chromosome-restricted Ensembl 115 genes with exact biotype protein_coding
ENSPTRG00000028174	Not found among chromosome-restricted Ensembl 115 genes with exact biotype protein_coding
ENSPTRG00000028245	Not found among chromosome-restricted Ensembl 115 genes with exact biotype protein_coding
ENSPTRG00000028323	Not found among chromosome-restricted Ensembl 115 genes with exact biotype protein_coding
ENSPTRG00000028326	Not found among chromosome-restricted Ensembl 115 genes with exact biotype protein_coding
ENSPTRG00000028352	Not found among chromosome-restricted Ensembl 115 genes with exact biotype protein_coding
ENSPTRG00000028479	Not found among chromosome-restricted Ensembl 115 genes with exact biotype protein_coding
ENSPTRG00000028548	Not found among chromosome-restricted Ensembl 115 genes with exact biotype protein_coding
ENSPTRG00000028611	Not found among chromosome-restricted Ensembl 115 genes with exact biotype protein_coding
ENSPTRG00000028689	Not found among chromosome-restricted Ensembl 115 genes with exact biotype protein_coding
ENSPTRG00000028693	Not found among chromosome-restricted Ensembl 115 genes with exact biotype protein_coding
ENSPTRG00000028723	Not found among chromosome-restricted Ensembl 115 genes with exact biotype protein_coding
ENSPTRG00000028740	Not found among chromosome-restricted Ensembl 115 genes with exact biotype protein_coding
ENSPTRG00000028902	Not found among chromosome-restricted Ensembl 115 genes with exact biotype protein_coding
ENSPTRG00000028919	Not found among chromosome-restricted Ensembl 115 genes with exact biotype protein_coding
ENSPTRG00000029024	Not found among chromosome-restricted Ensembl 115 genes with exact biotype protein_coding
ENSPTRG00000029029	Not found among chromosome-restricted Ensembl 115 genes with exact biotype protein_coding
ENSPTRG00000029113	Not found among chromosome-restricted Ensembl 115 genes with exact biotype protein_coding
ENSPTRG00000029115	Not found among chromosome-restricted Ensembl 115 genes with exact biotype protein_coding
ENSPTRG00000029147	Not found among chromosome-restricted Ensembl 115 genes with exact biotype protein_coding
ENSPTRG00000029240	Not found among chromosome-restricted Ensembl 115 genes with exact biotype protein_coding
ENSPTRG00000029390	Not found among chromosome-restricted Ensembl 115 genes with exact biotype protein_coding
ENSPTRG00000029487	Not found among chromosome-restricted Ensembl 115 genes with exact biotype protein_coding
ENSPTRG00000029526	Not found among chromosome-restricted Ensembl 115 genes with exact biotype protein_coding
ENSPTRG00000029534	Not found among chromosome-restricted Ensembl 115 genes with exact biotype protein_coding
ENSPTRG00000029773	Not found among chromosome-restricted Ensembl 115 genes with exact biotype protein_coding
ENSPTRG00000029813	Not found among chromosome-restricted Ensembl 115 genes with exact biotype protein_coding
ENSPTRG00000029820	Not found among chromosome-restricted Ensembl 115 genes with exact biotype protein_coding
ENSPTRG00000029878	Not found among chromosome-restricted Ensembl 115 genes with exact biotype protein_coding
ENSPTRG00000029930	Not found among chromosome-restricted Ensembl 115 genes with exact biotype protein_coding
ENSPTRG00000030086	Not found among chromosome-restricted Ensembl 115 genes with exact biotype protein_coding
ENSPTRG00000030137	Not found among chromosome-restricted Ensembl 115 genes with exact biotype protein_coding
ENSPTRG00000030224	Not found among chromosome-restricted Ensembl 115 genes with exact biotype protein_coding
ENSPTRG00000030303	Not found among chromosome-restricted Ensembl 115 genes with exact biotype protein_coding
ENSPTRG00000030309	Not found among chromosome-restricted Ensembl 115 genes with exact biotype protein_coding
ENSPTRG00000030724	Not found among chromosome-restricted Ensembl 115 genes with exact biotype protein_coding
ENSPTRG00000030738	Not found among chromosome-restricted Ensembl 115 genes with exact biotype protein_coding
ENSPTRG00000030896	Not found among chromosome-restricted Ensembl 115 genes with exact biotype protein_coding
ENSPTRG00000031076	Not found among chromosome-restricted Ensembl 115 genes with exact biotype protein_coding
ENSPTRG00000031106	Not found among chromosome-restricted Ensembl 115 genes with exact biotype protein_coding
ENSPTRG00000031149	Not found among chromosome-restricted Ensembl 115 genes with exact biotype protein_coding
ENSPTRG00000031188	Not found among chromosome-restricted Ensembl 115 genes with exact biotype protein_coding
ENSPTRG00000031198	Not found among chromosome-restricted Ensembl 115 genes with exact biotype protein_coding
ENSPTRG00000031309	Not found among chromosome-restricted Ensembl 115 genes with exact biotype protein_coding
ENSPTRG00000031337	Not found among chromosome-restricted Ensembl 115 genes with exact biotype protein_coding
ENSPTRG00000031344	Not found among chromosome-restricted Ensembl 115 genes with exact biotype protein_coding
ENSPTRG00000031432	Not found among chromosome-restricted Ensembl 115 genes with exact biotype protein_coding
ENSPTRG00000031488	Not found among chromosome-restricted Ensembl 115 genes with exact biotype protein_coding
ENSPTRG00000031502	Not found among chromosome-restricted Ensembl 115 genes with exact biotype protein_coding
ENSPTRG00000031669	Not found among chromosome-restricted Ensembl 115 genes with exact biotype protein_coding
ENSPTRG00000032479	Not found among chromosome-restricted Ensembl 115 genes with exact biotype protein_coding
ENSPTRG00000032498	Not found among chromosome-restricted Ensembl 115 genes with exact biotype protein_coding
ENSPTRG00000032507	Not found among chromosome-restricted Ensembl 115 genes with exact biotype protein_coding
ENSPTRG00000032706	Not found among chromosome-restricted Ensembl 115 genes with exact biotype protein_coding
ENSPTRG00000032916	Not found among chromosome-restricted Ensembl 115 genes with exact biotype protein_coding
ENSPTRG00000033099	Not found among chromosome-restricted Ensembl 115 genes with exact biotype protein_coding
ENSPTRG00000033518	Not found among chromosome-restricted Ensembl 115 genes with exact biotype protein_coding
ENSPTRG00000033674	Not found among chromosome-restricted Ensembl 115 genes with exact biotype protein_coding
ENSPTRG00000033699	Not found among chromosome-restricted Ensembl 115 genes with exact biotype protein_coding
ENSPTRG00000033709	Not found among chromosome-restricted Ensembl 115 genes with exact biotype protein_coding
ENSPTRG00000033722	Not found among chromosome-restricted Ensembl 115 genes with exact biotype protein_coding
ENSPTRG00000033769	Not found among chromosome-restricted Ensembl 115 genes with exact biotype protein_coding
ENSPTRG00000033828	Not found among chromosome-restricted Ensembl 115 genes with exact biotype protein_coding
ENSPTRG00000033852	Not found among chromosome-restricted Ensembl 115 genes with exact biotype protein_coding
ENSPTRG00000033865	Not found among chromosome-restricted Ensembl 115 genes with exact biotype protein_coding
ENSPTRG00000033939	Not found among chromosome-restricted Ensembl 115 genes with exact biotype protein_coding
ENSPTRG00000033943	Not found among chromosome-restricted Ensembl 115 genes with exact biotype protein_coding
ENSPTRG00000033947	Not found among chromosome-restricted Ensembl 115 genes with exact biotype protein_coding
ENSPTRG00000033967	Not found among chromosome-restricted Ensembl 115 genes with exact biotype protein_coding
ENSPTRG00000033986	Not found among chromosome-restricted Ensembl 115 genes with exact biotype protein_coding
ENSPTRG00000034020	Not found among chromosome-restricted Ensembl 115 genes with exact biotype protein_coding
ENSPTRG00000034047	Not found among chromosome-restricted Ensembl 115 genes with exact biotype protein_coding
ENSPTRG00000034057	Not found among chromosome-restricted Ensembl 115 genes with exact biotype protein_coding
ENSPTRG00000034094	Not found among chromosome-restricted Ensembl 115 genes with exact biotype protein_coding
ENSPTRG00000034112	Not found among chromosome-restricted Ensembl 115 genes with exact biotype protein_coding
ENSPTRG00000034121	Not found among chromosome-restricted Ensembl 115 genes with exact biotype protein_coding
ENSPTRG00000034150	Not found among chromosome-restricted Ensembl 115 genes with exact biotype protein_coding
ENSPTRG00000034165	Not found among chromosome-restricted Ensembl 115 genes with exact biotype protein_coding
ENSPTRG00000034174	Not found among chromosome-restricted Ensembl 115 genes with exact biotype protein_coding
ENSPTRG00000034197	Not found among chromosome-restricted Ensembl 115 genes with exact biotype protein_coding
ENSPTRG00000034217	Not found among chromosome-restricted Ensembl 115 genes with exact biotype protein_coding
ENSPTRG00000034271	Not found among chromosome-restricted Ensembl 115 genes with exact biotype protein_coding
ENSPTRG00000034299	Not found among chromosome-restricted Ensembl 115 genes with exact biotype protein_coding
ENSPTRG00000034327	Not found among chromosome-restricted Ensembl 115 genes with exact biotype protein_coding
ENSPTRG00000034380	Not found among chromosome-restricted Ensembl 115 genes with exact biotype protein_coding
ENSPTRG00000034391	Not found among chromosome-restricted Ensembl 115 genes with exact biotype protein_coding
ENSPTRG00000034403	Not found among chromosome-restricted Ensembl 115 genes with exact biotype protein_coding
ENSPTRG00000034422	Not found among chromosome-restricted Ensembl 115 genes with exact biotype protein_coding
ENSPTRG00000034429	Not found among chromosome-restricted Ensembl 115 genes with exact biotype protein_coding
ENSPTRG00000034447	Not found among chromosome-restricted Ensembl 115 genes with exact biotype protein_coding
ENSPTRG00000034450	Not found among chromosome-restricted Ensembl 115 genes with exact biotype protein_coding
ENSPTRG00000034457	Not found among chromosome-restricted Ensembl 115 genes with exact biotype protein_coding
ENSPTRG00000034545	Not found among chromosome-restricted Ensembl 115 genes with exact biotype protein_coding
ENSPTRG00000034629	Not found among chromosome-restricted Ensembl 115 genes with exact biotype protein_coding
ENSPTRG00000034734	Not found among chromosome-restricted Ensembl 115 genes with exact biotype protein_coding
ENSPTRG00000035024	Not found among chromosome-restricted Ensembl 115 genes with exact biotype protein_coding
ENSPTRG00000035985	Not found among chromosome-restricted Ensembl 115 genes with exact biotype protein_coding
ENSPTRG00000036006	Not found among chromosome-restricted Ensembl 115 genes with exact biotype protein_coding
ENSPTRG00000036255	Not found among chromosome-restricted Ensembl 115 genes with exact biotype protein_coding
