Tissue	n_expressed_genes	mean_gene_length_bp	variance_gene_length_bp2	sd_gene_length_bp	cutoff	cv_gene_length	log10_mean_gene_length_bp	log10_variance_gene_length_bp2
adipose tissue	13301	70598.7965566499	14362035700.2094	119841.711020034	1	1.69750359588454	4.84879729803111	10.1572160019333
adrenal gland	12784	70194.6145181477	13909485708.67	117938.482730066	1	1.68016426245313	4.84630379340088	10.1433110726221
amygdala	13511	79006.4629561098	21075768931.3976	145174.959725834	1	1.83750739235704	4.89766261928245	10.3237834284484
basal ganglia	13863	78955.0747312991	20937774749.46	144698.910671297	1	1.83267397521614	4.89738004893547	10.3209305233131
blood vessel	13260	73280.106561086	16330620802.7935	127791.317399867	1	1.7438746120455	4.86498609219443	10.2130026946021
breast	13282	70888.1650353862	14422622844.9736	120094.224861038	1	1.69413645847779	4.850573734635	10.1590442467577
cerebellum	13061	75460.1869688385	18809073030.78	137146.173956039	1	1.81746400936793	4.87771787692427	10.2743673927042
cerebral cortex	13699	79676.1386962552	21339528317.3493	146080.554206743	1	1.83342913696706	4.90132827893543	10.3291848156772
cervix	13868	71422.486732045	15461474355.0793	124344.177005115	1	1.74096678363518	4.85383496704416	10.189250904443
colon	13843	71005.1741674493	15082048759.3419	122808.992990505	1	1.72957808258999	4.85128999703592	10.178460340502
endometrium	12806	71721.3380446666	15137878980.7998	123036.088123769	1	1.71547396462604	4.85564838323251	10.1800650289643
esophagus	13104	67363.5628052503	12915246587.1356	113645.266452834	1	1.68704358439866	4.82842504858871	10.1111027024497
fallopian tube	13435	71580.506587272	14740285206.4629	121409.576255182	1	1.69612625061765	4.85479476763988	10.1685058866706
heart muscle	13246	72832.3709799185	16437484201.3822	128208.752436728	1	1.76032649647061	4.86232444817663	10.215835348419
hippocampal formation	13665	78809.3998536407	20658202191.0724	143729.61487137	1	1.82376233213671	4.89657802029542	10.3150925237436
hypothalamus	13763	79232.9971663155	20980179729.7789	144845.364888832	1	1.82809397686663	4.89890608440283	10.3218092043207
kidney	13698	70721.1664476566	14808654488.1645	121690.815134769	1	1.72071278299456	4.84954941514986	10.1705156003908
liver	12744	65928.3043000628	12554736973.324	112047.922664028	1	1.69954200784626	4.8190719056755	10.0988076185041
lung	13567	70055.7474017837	14315427679.6896	119647.096411445	1	1.7078840901553	4.84544377077794	10.1558043272898
midbrain	13520	77754.7481508876	19940828486.4379	141211.998379875	1	1.81612058090453	4.89072691902063	10.2997431980887
ovary	12685	71435.38793851	15224706323.2709	123388.436748631	1	1.72727327882423	4.85391340756144	10.1825489240692
pancreas	13009	68435.6439388116	12995661783.9738	113998.516586725	1	1.66577692596348	4.8352823580645	10.1137984001749
pituitary gland	13707	75262.1912891223	18019459688.2779	134236.581036161	1	1.78358587143027	4.87657685882732	10.2557417645611
prostate	13525	71355.3183733826	15212421358.4857	123338.645032633	1	1.72851369518437	4.85342634821638	10.1821983461328
retina	12947	83008.5645323241	22072792064.8209	148569.14910176	1	1.78980506335471	4.9191229036681	10.3438572720674
salivary gland	13537	68560.5808524784	13312608288.7163	115380.276861846	1	1.68289526470188	4.83607448831942	10.1242631534777
skeletal muscle	12149	69288.2801876698	13246344706.7019	115092.765657542	1	1.66107118470554	4.84065978179416	10.1220960524073
skin	13481	67792.089310882	12958781337.2478	113836.643209679	1	1.67920246103709	4.83117901880699	10.1125641617665
small intestine	13714	68898.5752515677	13747893732.7579	117251.412497922	1	1.70179734587841	4.8382102412577	10.1382361665074
spinal cord	13407	76301.5092116059	19134402162.535	138327.156272856	1	1.81290196880949	4.88253312820115	10.2818148976257
spleen	12950	66465.5654826255	11754123605.8733	108416.436050413	1	1.63116698493679	4.82259670403861	10.070190253425
stomach	13424	69654.8601013111	13921928892.6228	117991.223794919	1	1.69394100603037	4.84295142429972	10.1436994112363
testis	14655	70846.7866939611	16549050331.9402	128643.112260005	1	1.81579318220469	4.85032015729726	10.2187730768168
thyroid gland	13181	71281.3316895531	14305184669.958	119604.283660569	1	1.67791875973185	4.85297580466549	10.1554934686164
urinary bladder	13169	71502.4300250589	14748931527.1505	121445.179102138	1	1.69847624842368	4.85432080164081	10.1687605593874
vagina	13459	70393.6717438145	14660309986.4564	121079.767039982	1	1.72003766873578	4.84753361865529	10.1661431533872
adipose tissue	9710	65439.3122554068	11407245629.4378	106804.70789922	5	1.6321184348999	4.81583872640209	10.0571807932051
adrenal gland	9133	62338.5394722435	10861276059.7441	104217.446043089	5	1.67179800690537	4.79475662298773	10.0358808522463
amygdala	9290	70982.1077502691	17882190612.6135	133724.308233819	5	1.88391571442611	4.85114889118966	10.2524207198679
basal ganglia	9811	72354.9234532667	18039320967.3096	134310.539300941	5	1.85627366999691	4.85946808840371	10.2562201858833
blood vessel	9878	69385.5503138287	13921634104.6209	117989.974593695	5	1.70049778462562	4.84126903713557	10.1436902152291
breast	9505	63917.5721199369	10489126688.9614	102416.437591635	5	1.6023205230552	4.8056202701398	10.0207393309053
cerebellum	9461	69075.2177359687	15742352755.4492	125468.532929373	5	1.81640445070996	4.83932226255533	10.1970696398623
cerebral cortex	9742	75292.9035105728	20087637803.1965	141730.863975341	5	1.88239339123691	4.87675404510595	10.302928869085
cervix	10086	64455.0554233591	11272908146.8549	106173.952299304	5	1.64725562024458	4.80925698617917	10.0520359683271
colon	10252	65239.8829496684	11918224318.8165	109170.620218154	5	1.67337241089745	4.81451317317819	10.0762115552377
endometrium	9236	64510.8898873971	10498479338.639	102462.087323258	5	1.58829133348035	4.80963303275625	10.0211263978638
esophagus	9440	58886.6762711864	7925062744.19289	89022.8214796234	5	1.51176509045362	4.77001704221542	9.89900270929343
fallopian tube	9453	63429.2024754046	10459709761.1437	102272.722468622	5	1.61239174508428	4.80228925084712	10.0195196337777
heart muscle	9732	66509.6477599671	12513678286.7876	111864.553307952	5	1.68192972110859	4.82288464778442	10.0973849855409
hippocampal formation	9442	71788.6740097437	18045675271.6785	134334.192489025	5	1.87124493302094	4.85605593166477	10.2563731380595
hypothalamus	9431	71447.3398367087	18091768428.4855	134505.644597115	5	1.8825843607967	4.85398606355743	10.257481020215
kidney	9787	61776.0038827015	10168339339.897	100838.183937916	5	1.63231963222135	4.79081981157594	10.0072500311519
liver	9223	58659.8551447468	9019978491.62811	94973.5673312744	5	1.61905560620498	4.76834098619457	9.95520550195676
lung	9560	63756.7894351464	10674359839.35	103316.793597895	5	1.62048300288064	4.80452643941525	10.0283418390531
midbrain	9351	70009.8430114426	17036115971.914	130522.473053164	5	1.86434460411276	4.84515910380049	10.2313705878346
ovary	9160	65195.5968340611	11582534528.5208	107622.184183935	5	1.65075847772143	4.81421826543677	10.0638036035459
pancreas	9097	59359.2966912169	8756984832.99189	93578.7627241988	5	1.5764803146336	4.77348874663531	9.94235459751473
pituitary gland	9442	63425.1074984114	11314640697.9165	106370.299886371	5	1.67710082145364	4.80226121197461	10.0536407672709
prostate	9504	63193.3339646465	11539051440.8951	107419.976917215	5	1.69986247247711	4.80067126855046	10.0621701094335
retina	8781	81040.522263979	19990211000.6008	141386.742662107	5	1.74464254069782	4.9087022311631	10.3008173782058
salivary gland	9692	61131.0164052827	9244471492.07826	96148.1746684681	5	1.57282146318378	4.78626161672117	9.96588208751953
skeletal muscle	8915	63937.5295569265	11238460837.7955	106011.607089957	5	1.65804978429093	4.80575585182116	10.0507068365512
skin	9759	61201.2631417153	9575198596.0609	97852.9437271097	5	1.59887130924937	4.78676038570464	9.98114779029381
small intestine	9924	60485.1425836356	9130762387.99206	95555.0228297396	5	1.57980983011838	4.78164870876214	9.96050704117885
spinal cord	9182	68124.8568939229	15215180629.4857	123349.83027749	5	1.81064351400485	4.83330560298753	10.1822771125222
spleen	9362	57277.133518479	7660374915.94094	87523.5677742912	5	1.52807171724217	4.75798127521709	9.88425002549942
stomach	9556	61229.4145039766	9797819886.99792	98983.9375201751	5	1.61660761126087	4.78696010658733	9.99112945157245
testis	9797	59988.6977646218	9616361170.17314	98063.0469145903	5	1.63469204314721	4.7780694343699	9.98301076614656
thyroid gland	9407	63602.8864675242	10395963455.1491	101960.59756175	5	1.6030812943342	4.80347682553005	10.0168647441596
urinary bladder	9476	64792.9762558041	11132411794.5118	105510.244974182	5	1.62842102757597	4.81152792965647	10.0465892627695
vagina	9670	62794.3861427094	9680324604.22858	98388.6406259817	5	1.56683816292716	4.79792081927505	9.98588992047592
adipose tissue	7205	59051.6	9218212069.8075	96011.5205056534	10	1.62589194036492	4.77123166929513	9.96464669507596
adrenal gland	6681	54364.0745397396	8455600519.43067	91954.3393181131	10	1.69145414681704	4.7353119992711	9.92714445676092
amygdala	6653	65482.9694874493	17266394588.0437	131401.65367317	10	2.00665386285445	4.81612836534546	10.2372016615984
basal ganglia	7163	66762.4546977523	17244218274.1176	131317.242866722	10	1.96693251410875	4.82453229628297	10.2366435114357
blood vessel	7466	64990.2915885347	12427642726.9919	111479.33766843	10	1.71532293429649	4.81284848549773	10.0943887595551
breast	6828	56948.1936145284	8415918645.59514	91738.3161257887	10	1.61090827123944	4.75547995289827	9.92510152862289
cerebellum	6972	66232.2359437751	15929064777.4633	126210.398848365	10	1.90557357833285	4.82106941670553	10.2021902783805
cerebral cortex	7226	68512.9900359812	17983322877.784	134101.912282353	10	1.95732097244518	4.83577292136249	10.2548699417994
cervix	7272	55881.347359736	7967288889.00434	89259.6711231021	10	1.59730706828691	4.74726686887815	9.90131056470239
colon	7563	58694.2131429327	9695044440.90669	98463.4167643328	10	1.67756600679787	4.76859528482546	9.98654980417247
endometrium	6676	56363.1861893349	8161517692.40293	90341.1185031652	10	1.60283909784113	4.75099553563204	9.91177092641899
esophagus	6946	51408.6076878779	6216446378.6537	78844.4441838085	10	1.53368176517257	4.71103584192072	9.7935421918974
fallopian tube	6669	54619.1967311441	7759255171.54227	88086.6344659749	10	1.61274130228553	4.73734530880634	9.88982003434914
heart muscle	7311	60639.6453289564	11461681390.9829	107059.242436059	10	1.76549915249813	4.78275665251635	10.0592483318777
hippocampal formation	6779	65622.1538575011	16593949116.5424	128817.503145118	10	1.96301851696069	4.81705048074488	10.2199497540427
hypothalamus	6660	63072.4546546547	16099229514.6018	126882.739230369	10	2.01169813233208	4.79983973320082	10.2068050918353
kidney	7200	53087.7631944444	7555830660.02018	86924.2811878256	10	1.63736944179487	4.72499442711598	9.87828221602548
liver	7051	52068.6369309318	7289995905.74958	85381.4728483269	10	1.63978697889833	4.71657620872768	9.86272728440702
lung	6873	57126.6914011349	8603246402.98522	92753.6867352734	10	1.62364884890622	4.7568390718141	9.9346623615761
midbrain	6688	63998.2544856459	15249275257.0278	123487.955918898	10	1.92955193717971	4.80616812902154	10.1832492037252
ovary	6609	56999.8064760176	8013670516.35313	89519.106990369	10	1.57051598110309	4.75587338117178	9.9038314823603
pancreas	6623	52311.9340178167	7257508272.26641	85191.0105132367	10	1.62851961245061	4.71860077656995	9.86078753952233
pituitary gland	6559	51958.7499618844	6620794729.05855	81368.2661057647	10	1.56601662213688	4.71565869414875	9.82091012323563
prostate	6694	53620.0770839558	7787762394.30931	88248.2996680917	10	1.64580702728041	4.72932743398689	9.89141269266637
retina	6066	78659.024068579	18816850263.5971	137174.524834596	10	1.74391338386044	4.89574855376633	10.2745469289945
salivary gland	6917	53255.3494289432	7549505994.73517	86887.8932575487	10	1.6315336241194	4.72636323860439	9.87791853430736
skeletal muscle	6946	59848.5859487475	10305203358.7164	101514.547522591	10	1.69618957429545	4.7770538937247	10.0130565663915
skin	7190	54138.0945757997	7895923415.37734	88859.0086337752	10	1.6413397872613	4.73350296643674	9.89740292734644
small intestine	7138	52106.9183244606	5882860265.42656	76699.8061629008	10	1.47196972358458	4.71689538914724	9.76958853278743
spinal cord	6499	61675.712417295	13652560150.746	116844.170375531	10	1.89449243139614	4.79011417473434	10.1352140986359
spleen	6837	50200.6659353518	6062964847.42057	77865.0425250033	10	1.55107588862023	4.70070947830299	9.78268505023801
stomach	6930	53499.1617604618	7693923425.55111	87715.0125437551	10	1.63955863339489	4.72834697742949	9.88614785963832
testis	6838	50814.7252120503	6527795509.08361	80794.774020871	10	1.58998742360042	4.70598958141105	9.8147665411705
thyroid gland	6693	55219.8922755117	7750055316.24557	88034.3984828974	10	1.59425154333265	4.74209555507042	9.88930480230689
urinary bladder	6783	57105.0964175144	8236012584.18327	90752.4797687825	10	1.58921857175865	4.75667486914313	9.91571700152506
vagina	6939	54991.5263006197	7680294238.33237	87637.2879448718	10	1.59365076477036	4.74029577377786	9.88537785852582
adipose tissue	4484	49192.8650758252	5607560515.31683	74883.6465145551	20	1.52224608993866	4.69190211734253	9.74877396907201
adrenal gland	4191	43417.7337151038	4830053870.13767	69498.5889794726	20	1.60069591461187	4.63766715074642	9.68395197451405
amygdala	4116	56232.6989795918	13887139246.1798	117843.706858618	20	2.09564379795083	4.7499889286777	10.1426127901899
basal ganglia	4465	57549.0611422172	13938751668.2209	118062.490521846	20	2.05151027972612	4.76003824292532	10.1442238808008
blood vessel	4788	55969.4791144528	9614186626.9653	98051.9588124852	20	1.75188263967898	4.74795126512057	9.98291254823516
breast	4048	46307.1375988142	5338375003.59732	73064.1841369444	20	1.57781689660765	4.66564793660909	9.72740907830736
cerebellum	4301	58667.3840967217	13831437207.5924	117607.130768472	20	2.00464248711992	4.76839672401509	10.1408673094583
cerebral cortex	4608	60723.7992621528	16289065638.6988	127628.623900357	20	2.10178917411553	4.78335893592712	10.211896173345
cervix	4335	44892.4791234141	4775290702.66494	69103.4782240731	20	1.53931080602834	4.65217358935998	9.6789998150235
colon	4724	47425.5893310754	5756569713.27108	75872.0614803043	20	1.59981272874957	4.67601273632704	9.76016376842754
endometrium	3945	48148.1424588086	5804584406.46652	76187.823216486	20	1.5823626691656	4.68257953683022	9.76377113080337
esophagus	4388	43466.1697812215	4872271775.5579	69801.6602636205	20	1.60588477464091	4.63815137204801	9.68773150526792
fallopian tube	3809	43325.6001575217	4098349739.5415	64018.3547081734	20	1.47761033835464	4.63674458738814	9.61260901689385
heart muscle	4749	52381.7304695725	7783983861.5318	88226.888540466	20	1.6843064891053	4.71917984156864	9.89120192684214
hippocampal formation	4142	56818.1199903428	15106242609.4381	122907.455467267	20	2.1631735701244	4.75448685959938	10.179156455278
hypothalamus	3991	52807.969681784	11584564041.5863	107631.612649752	20	2.03816986902413	4.72269947040559	10.0638796947599
kidney	4484	43612.2997323818	5564998407.83162	74598.9169347091	20	1.71050179404596	4.6396089881811	9.74546504441735
liver	4714	42976.5335171829	4726548705.1142	68749.8996734846	20	1.59970788816639	4.63323138241943	9.67454413747634
lung	4090	46003.2283618582	5043785405.66415	71019.6128239527	20	1.5437962802375	4.66278831017165	9.70275660067692
midbrain	4099	54347.9092461576	12536675910.1016	111967.298396012	20	2.06019513812168	4.73518284151667	10.0981823989132
ovary	3967	46934.8444668515	5142118371.66945	71708.5655390585	20	1.52783217572403	4.67149538303494	9.71114206988972
pancreas	4020	41665.5166666667	5311805305.02859	72882.1329615742	20	1.74921946953514	4.61977677159528	9.7252421483439
pituitary gland	3752	41603.4776119403	4634785772.00963	68079.2609537562	20	1.6363839001338	4.6191296345823	9.66602966508586
prostate	3872	40945.9785640496	3779111310.66784	61474.4769043856	20	1.5013556656907	4.61221125473615	9.5773896838982
retina	3396	70793.7835689046	17425157237.2636	132004.383401702	20	1.86463241187301	4.84999512378791	10.2411767056778
salivary gland	4053	42066.304219097	4665088965.82475	68301.4565424834	20	1.62366192634238	4.623934358279	9.66885993039728
skeletal muscle	4814	54558.5851682592	9822247769.16904	99107.2538675603	20	1.81652903135066	4.7368630995226	9.99221088514335
skin	4462	44016.1333482743	5093008698.1537	71365.3185949149	20	1.62134456541746	4.64361188875653	9.70697441789166
small intestine	4128	41596.3706395349	3770046261.79475	61400.7024535937	20	1.47610720621948	4.61905543928096	9.57634667941505
spinal cord	3994	54166.2774161242	11344456670.4514	106510.35945133	20	1.96635922814263	4.73372898967271	10.0547837006903
spleen	4176	40118.5189176245	3901051221.92491	62458.395928209	20	1.55684700266366	4.60334489150252	9.59118165276073
stomach	4165	42508.224729892	4034196829.14593	63515.3275134902	20	1.49418913438712	4.62847296791441	9.60575708369494
testis	4046	42790.268907563	4876433732.07946	69831.4666327399	20	1.63194736596753	4.63134501573618	9.6881023267805
thyroid gland	3849	44490.2179786958	4539398350.59151	67375.0573327512	20	1.51437912408103	4.64826453356807	9.65699829551499
urinary bladder	4025	46813.5145341615	5232691658.10572	72337.346219679	20	1.54522357356639	4.67037124709831	9.71872514423162
vagina	4089	43821.7544631939	4781135701.72101	69145.7569321575	20	1.57788654925337	4.64168976113958	9.67953107033713
