Tissue	n_expressed_genes	mean_gene_length_bp	cutoff	cutoff_label
adipose tissue	13301	70598.7965566499	1	nTPM >= 1
adrenal gland	12784	70194.6145181477	1	nTPM >= 1
amygdala	13511	79006.4629561098	1	nTPM >= 1
basal ganglia	13863	78955.0747312991	1	nTPM >= 1
blood vessel	13260	73280.106561086	1	nTPM >= 1
breast	13282	70888.1650353862	1	nTPM >= 1
cerebellum	13061	75460.1869688385	1	nTPM >= 1
cerebral cortex	13699	79676.1386962552	1	nTPM >= 1
cervix	13868	71422.486732045	1	nTPM >= 1
colon	13843	71005.1741674493	1	nTPM >= 1
endometrium	12806	71721.3380446666	1	nTPM >= 1
esophagus	13104	67363.5628052503	1	nTPM >= 1
fallopian tube	13435	71580.506587272	1	nTPM >= 1
heart muscle	13246	72832.3709799185	1	nTPM >= 1
hippocampal formation	13665	78809.3998536407	1	nTPM >= 1
hypothalamus	13763	79232.9971663155	1	nTPM >= 1
kidney	13698	70721.1664476566	1	nTPM >= 1
liver	12744	65928.3043000628	1	nTPM >= 1
lung	13567	70055.7474017837	1	nTPM >= 1
midbrain	13520	77754.7481508876	1	nTPM >= 1
ovary	12685	71435.38793851	1	nTPM >= 1
pancreas	13009	68435.6439388116	1	nTPM >= 1
pituitary gland	13707	75262.1912891223	1	nTPM >= 1
prostate	13525	71355.3183733826	1	nTPM >= 1
retina	12947	83008.5645323241	1	nTPM >= 1
salivary gland	13537	68560.5808524784	1	nTPM >= 1
skeletal muscle	12149	69288.2801876698	1	nTPM >= 1
skin	13481	67792.089310882	1	nTPM >= 1
small intestine	13714	68898.5752515677	1	nTPM >= 1
spinal cord	13407	76301.5092116059	1	nTPM >= 1
spleen	12950	66465.5654826255	1	nTPM >= 1
stomach	13424	69654.8601013111	1	nTPM >= 1
testis	14655	70846.7866939611	1	nTPM >= 1
thyroid gland	13181	71281.3316895531	1	nTPM >= 1
urinary bladder	13169	71502.4300250589	1	nTPM >= 1
vagina	13459	70393.6717438145	1	nTPM >= 1
adipose tissue	9710	65439.3122554068	5	nTPM >= 5
adrenal gland	9133	62338.5394722435	5	nTPM >= 5
amygdala	9290	70982.1077502691	5	nTPM >= 5
basal ganglia	9811	72354.9234532667	5	nTPM >= 5
blood vessel	9878	69385.5503138287	5	nTPM >= 5
breast	9505	63917.5721199369	5	nTPM >= 5
cerebellum	9461	69075.2177359687	5	nTPM >= 5
cerebral cortex	9742	75292.9035105728	5	nTPM >= 5
cervix	10086	64455.0554233591	5	nTPM >= 5
colon	10252	65239.8829496684	5	nTPM >= 5
endometrium	9236	64510.8898873971	5	nTPM >= 5
esophagus	9440	58886.6762711864	5	nTPM >= 5
fallopian tube	9453	63429.2024754046	5	nTPM >= 5
heart muscle	9732	66509.6477599671	5	nTPM >= 5
hippocampal formation	9442	71788.6740097437	5	nTPM >= 5
hypothalamus	9431	71447.3398367087	5	nTPM >= 5
kidney	9787	61776.0038827015	5	nTPM >= 5
liver	9223	58659.8551447468	5	nTPM >= 5
lung	9560	63756.7894351464	5	nTPM >= 5
midbrain	9351	70009.8430114426	5	nTPM >= 5
ovary	9160	65195.5968340611	5	nTPM >= 5
pancreas	9097	59359.2966912169	5	nTPM >= 5
pituitary gland	9442	63425.1074984114	5	nTPM >= 5
prostate	9504	63193.3339646465	5	nTPM >= 5
retina	8781	81040.522263979	5	nTPM >= 5
salivary gland	9692	61131.0164052827	5	nTPM >= 5
skeletal muscle	8915	63937.5295569265	5	nTPM >= 5
skin	9759	61201.2631417153	5	nTPM >= 5
small intestine	9924	60485.1425836356	5	nTPM >= 5
spinal cord	9182	68124.8568939229	5	nTPM >= 5
spleen	9362	57277.133518479	5	nTPM >= 5
stomach	9556	61229.4145039766	5	nTPM >= 5
testis	9797	59988.6977646218	5	nTPM >= 5
thyroid gland	9407	63602.8864675242	5	nTPM >= 5
urinary bladder	9476	64792.9762558041	5	nTPM >= 5
vagina	9670	62794.3861427094	5	nTPM >= 5
adipose tissue	7205	59051.6	10	nTPM >= 10
adrenal gland	6681	54364.0745397396	10	nTPM >= 10
amygdala	6653	65482.9694874493	10	nTPM >= 10
basal ganglia	7163	66762.4546977523	10	nTPM >= 10
blood vessel	7466	64990.2915885347	10	nTPM >= 10
breast	6828	56948.1936145284	10	nTPM >= 10
cerebellum	6972	66232.2359437751	10	nTPM >= 10
cerebral cortex	7226	68512.9900359812	10	nTPM >= 10
cervix	7272	55881.347359736	10	nTPM >= 10
colon	7563	58694.2131429327	10	nTPM >= 10
endometrium	6676	56363.1861893349	10	nTPM >= 10
esophagus	6946	51408.6076878779	10	nTPM >= 10
fallopian tube	6669	54619.1967311441	10	nTPM >= 10
heart muscle	7311	60639.6453289564	10	nTPM >= 10
hippocampal formation	6779	65622.1538575011	10	nTPM >= 10
hypothalamus	6660	63072.4546546547	10	nTPM >= 10
kidney	7200	53087.7631944444	10	nTPM >= 10
liver	7051	52068.6369309318	10	nTPM >= 10
lung	6873	57126.6914011349	10	nTPM >= 10
midbrain	6688	63998.2544856459	10	nTPM >= 10
ovary	6609	56999.8064760176	10	nTPM >= 10
pancreas	6623	52311.9340178167	10	nTPM >= 10
pituitary gland	6559	51958.7499618844	10	nTPM >= 10
prostate	6694	53620.0770839558	10	nTPM >= 10
retina	6066	78659.024068579	10	nTPM >= 10
salivary gland	6917	53255.3494289432	10	nTPM >= 10
skeletal muscle	6946	59848.5859487475	10	nTPM >= 10
skin	7190	54138.0945757997	10	nTPM >= 10
small intestine	7138	52106.9183244606	10	nTPM >= 10
spinal cord	6499	61675.712417295	10	nTPM >= 10
spleen	6837	50200.6659353518	10	nTPM >= 10
stomach	6930	53499.1617604618	10	nTPM >= 10
testis	6838	50814.7252120503	10	nTPM >= 10
thyroid gland	6693	55219.8922755117	10	nTPM >= 10
urinary bladder	6783	57105.0964175144	10	nTPM >= 10
vagina	6939	54991.5263006197	10	nTPM >= 10
adipose tissue	4484	49192.8650758252	20	nTPM >= 20
adrenal gland	4191	43417.7337151038	20	nTPM >= 20
amygdala	4116	56232.6989795918	20	nTPM >= 20
basal ganglia	4465	57549.0611422172	20	nTPM >= 20
blood vessel	4788	55969.4791144528	20	nTPM >= 20
breast	4048	46307.1375988142	20	nTPM >= 20
cerebellum	4301	58667.3840967217	20	nTPM >= 20
cerebral cortex	4608	60723.7992621528	20	nTPM >= 20
cervix	4335	44892.4791234141	20	nTPM >= 20
colon	4724	47425.5893310754	20	nTPM >= 20
endometrium	3945	48148.1424588086	20	nTPM >= 20
esophagus	4388	43466.1697812215	20	nTPM >= 20
fallopian tube	3809	43325.6001575217	20	nTPM >= 20
heart muscle	4749	52381.7304695725	20	nTPM >= 20
hippocampal formation	4142	56818.1199903428	20	nTPM >= 20
hypothalamus	3991	52807.969681784	20	nTPM >= 20
kidney	4484	43612.2997323818	20	nTPM >= 20
liver	4714	42976.5335171829	20	nTPM >= 20
lung	4090	46003.2283618582	20	nTPM >= 20
midbrain	4099	54347.9092461576	20	nTPM >= 20
ovary	3967	46934.8444668515	20	nTPM >= 20
pancreas	4020	41665.5166666667	20	nTPM >= 20
pituitary gland	3752	41603.4776119403	20	nTPM >= 20
prostate	3872	40945.9785640496	20	nTPM >= 20
retina	3396	70793.7835689046	20	nTPM >= 20
salivary gland	4053	42066.304219097	20	nTPM >= 20
skeletal muscle	4814	54558.5851682592	20	nTPM >= 20
skin	4462	44016.1333482743	20	nTPM >= 20
small intestine	4128	41596.3706395349	20	nTPM >= 20
spinal cord	3994	54166.2774161242	20	nTPM >= 20
spleen	4176	40118.5189176245	20	nTPM >= 20
stomach	4165	42508.224729892	20	nTPM >= 20
testis	4046	42790.268907563	20	nTPM >= 20
thyroid gland	3849	44490.2179786958	20	nTPM >= 20
urinary bladder	4025	46813.5145341615	20	nTPM >= 20
vagina	4089	43821.7544631939	20	nTPM >= 20
