original_hk_gene_id	mapping_status	candidate_ids	candidate_count	local_gene_biotype	api_release	api_latest	api_is_current	api_request_status	notes
ENSPTRG00000000011	candidate_not_in_local_release115_gtf	ENSPTRG00000000011	1		64	ENSPTRG00000000011.3		success	Archive candidate was not found in the local Ensembl 115 GTF
ENSPTRG00000000012	candidate_not_in_local_release115_gtf	ENSPTRG00000000012	1		90	ENSPTRG00000000012.4		success	Archive candidate was not found in the local Ensembl 115 GTF
ENSPTRG00000000023	candidate_not_in_local_release115_gtf	ENSPTRG00000000023	1		90	ENSPTRG00000000023.3		success	Archive candidate was not found in the local Ensembl 115 GTF
ENSPTRG00000000036	candidate_not_in_local_release115_gtf	ENSPTRG00000000036	1		64	ENSPTRG00000000036.5		success	Archive candidate was not found in the local Ensembl 115 GTF
ENSPTRG00000000117	candidate_not_in_local_release115_gtf	ENSPTRG00000000117	1		64	ENSPTRG00000000117.3		success	Archive candidate was not found in the local Ensembl 115 GTF
ENSPTRG00000000326	candidate_not_in_local_release115_gtf	ENSPTRG00000000326	1		90	ENSPTRG00000000326.5		success	Archive candidate was not found in the local Ensembl 115 GTF
ENSPTRG00000000328	candidate_not_in_local_release115_gtf	ENSPTRG00000000328	1		64	ENSPTRG00000000328.4		success	Archive candidate was not found in the local Ensembl 115 GTF
ENSPTRG00000000359	candidate_not_in_local_release115_gtf	ENSPTRG00000000359	1		90	ENSPTRG00000000359.4		success	Archive candidate was not found in the local Ensembl 115 GTF
ENSPTRG00000000379	candidate_not_in_local_release115_gtf	ENSPTRG00000000379	1		90	ENSPTRG00000000379.5		success	Archive candidate was not found in the local Ensembl 115 GTF
ENSPTRG00000000398	candidate_not_in_local_release115_gtf	ENSPTRG00000000398	1		64	ENSPTRG00000000398.3		success	Archive candidate was not found in the local Ensembl 115 GTF
ENSPTRG00000000467	candidate_not_in_local_release115_gtf	ENSPTRG00000000467	1		90	ENSPTRG00000000467.5		success	Archive candidate was not found in the local Ensembl 115 GTF
ENSPTRG00000000477	candidate_not_in_local_release115_gtf	ENSPTRG00000000477	1		64	ENSPTRG00000000477.4		success	Archive candidate was not found in the local Ensembl 115 GTF
ENSPTRG00000000487	candidate_not_in_local_release115_gtf	ENSPTRG00000000487	1		64	ENSPTRG00000000487.5		success	Archive candidate was not found in the local Ensembl 115 GTF
ENSPTRG00000000569	candidate_not_in_local_release115_gtf	ENSPTRG00000000569	1		64	ENSPTRG00000000569.5		success	Archive candidate was not found in the local Ensembl 115 GTF
ENSPTRG00000000574	candidate_not_in_local_release115_gtf	ENSPTRG00000000574	1		90	ENSPTRG00000000574.3		success	Archive candidate was not found in the local Ensembl 115 GTF
ENSPTRG00000000595	candidate_not_in_local_release115_gtf	ENSPTRG00000000595	1		64	ENSPTRG00000000595.1		success	Archive candidate was not found in the local Ensembl 115 GTF
ENSPTRG00000000612	replacement_not_protein_coding	ENSPTRG00000000612	1	processed_pseudogene	116	ENSPTRG00000000612.5	1	success	Candidate exists in local Ensembl 115 GTF but is not protein_coding
ENSPTRG00000000696	candidate_not_in_local_release115_gtf	ENSPTRG00000000696	1		64	ENSPTRG00000000696.5		success	Archive candidate was not found in the local Ensembl 115 GTF
ENSPTRG00000000699	candidate_not_in_local_release115_gtf	ENSPTRG00000000699	1		64	ENSPTRG00000000699.4		success	Archive candidate was not found in the local Ensembl 115 GTF
ENSPTRG00000000926	candidate_not_in_local_release115_gtf	ENSPTRG00000000926	1		90	ENSPTRG00000000926.5		success	Archive candidate was not found in the local Ensembl 115 GTF
ENSPTRG00000000933	candidate_not_in_local_release115_gtf	ENSPTRG00000000933	1		90	ENSPTRG00000000933.5		success	Archive candidate was not found in the local Ensembl 115 GTF
ENSPTRG00000001146	candidate_not_in_local_release115_gtf	ENSPTRG00000001146	1		90	ENSPTRG00000001146.2		success	Archive candidate was not found in the local Ensembl 115 GTF
ENSPTRG00000001182	candidate_not_in_local_release115_gtf	ENSPTRG00000001182	1		64	ENSPTRG00000001182.4		success	Archive candidate was not found in the local Ensembl 115 GTF
ENSPTRG00000001585	candidate_not_in_local_release115_gtf	ENSPTRG00000001585	1		90	ENSPTRG00000001585.5		success	Archive candidate was not found in the local Ensembl 115 GTF
ENSPTRG00000001627	candidate_not_in_local_release115_gtf	ENSPTRG00000001627	1		90	ENSPTRG00000001627.3		success	Archive candidate was not found in the local Ensembl 115 GTF
ENSPTRG00000001693	candidate_not_in_local_release115_gtf	ENSPTRG00000001693	1		90	ENSPTRG00000001693.3		success	Archive candidate was not found in the local Ensembl 115 GTF
ENSPTRG00000001706	candidate_not_in_local_release115_gtf	ENSPTRG00000001706	1		90	ENSPTRG00000001706.3		success	Archive candidate was not found in the local Ensembl 115 GTF
ENSPTRG00000001904	candidate_not_in_local_release115_gtf	ENSPTRG00000001904	1		90	ENSPTRG00000001904.5		success	Archive candidate was not found in the local Ensembl 115 GTF
ENSPTRG00000001991	candidate_not_in_local_release115_gtf	ENSPTRG00000001991	1		64	ENSPTRG00000001991.4		success	Archive candidate was not found in the local Ensembl 115 GTF
ENSPTRG00000002020	candidate_not_in_local_release115_gtf	ENSPTRG00000002020	1		90	ENSPTRG00000002020.2		success	Archive candidate was not found in the local Ensembl 115 GTF
ENSPTRG00000002156	candidate_not_in_local_release115_gtf	ENSPTRG00000002156	1		64	ENSPTRG00000002156.2		success	Archive candidate was not found in the local Ensembl 115 GTF
ENSPTRG00000002237	candidate_not_in_local_release115_gtf	ENSPTRG00000002237	1		90	ENSPTRG00000002237.3		success	Archive candidate was not found in the local Ensembl 115 GTF
ENSPTRG00000002361	candidate_not_in_local_release115_gtf	ENSPTRG00000002361	1		90	ENSPTRG00000002361.2		success	Archive candidate was not found in the local Ensembl 115 GTF
ENSPTRG00000002455	candidate_not_in_local_release115_gtf	ENSPTRG00000002455	1		90	ENSPTRG00000002455.2		success	Archive candidate was not found in the local Ensembl 115 GTF
ENSPTRG00000002470	candidate_not_in_local_release115_gtf	ENSPTRG00000002470	1		90	ENSPTRG00000002470.5		success	Archive candidate was not found in the local Ensembl 115 GTF
ENSPTRG00000002510	candidate_not_in_local_release115_gtf	ENSPTRG00000002510	1		90	ENSPTRG00000002510.4		success	Archive candidate was not found in the local Ensembl 115 GTF
ENSPTRG00000002610	candidate_not_in_local_release115_gtf	ENSPTRG00000002610	1		90	ENSPTRG00000002610.5		success	Archive candidate was not found in the local Ensembl 115 GTF
ENSPTRG00000002622	candidate_not_in_local_release115_gtf	ENSPTRG00000002622	1		64	ENSPTRG00000002622.3		success	Archive candidate was not found in the local Ensembl 115 GTF
ENSPTRG00000002657	candidate_not_in_local_release115_gtf	ENSPTRG00000002657	1		64	ENSPTRG00000002657.4		success	Archive candidate was not found in the local Ensembl 115 GTF
ENSPTRG00000002699	replacement_not_protein_coding	ENSPTRG00000002699	1	processed_pseudogene	116	ENSPTRG00000002699.5	1	success	Candidate exists in local Ensembl 115 GTF but is not protein_coding
ENSPTRG00000002817	candidate_not_in_local_release115_gtf	ENSPTRG00000002817	1		90	ENSPTRG00000002817.4		success	Archive candidate was not found in the local Ensembl 115 GTF
ENSPTRG00000002844	candidate_not_in_local_release115_gtf	ENSPTRG00000002844	1		64	ENSPTRG00000002844.2		success	Archive candidate was not found in the local Ensembl 115 GTF
ENSPTRG00000002872	candidate_not_in_local_release115_gtf	ENSPTRG00000002872	1		64	ENSPTRG00000002872.4		success	Archive candidate was not found in the local Ensembl 115 GTF
ENSPTRG00000003105	candidate_not_in_local_release115_gtf	ENSPTRG00000003105	1		64	ENSPTRG00000003105.4		success	Archive candidate was not found in the local Ensembl 115 GTF
ENSPTRG00000003136	candidate_not_in_local_release115_gtf	ENSPTRG00000003136	1		64	ENSPTRG00000003136.4		success	Archive candidate was not found in the local Ensembl 115 GTF
ENSPTRG00000003141	candidate_not_in_local_release115_gtf	ENSPTRG00000003141	1		90	ENSPTRG00000003141.4		success	Archive candidate was not found in the local Ensembl 115 GTF
ENSPTRG00000003159	candidate_not_in_local_release115_gtf	ENSPTRG00000003159	1		90	ENSPTRG00000003159.5		success	Archive candidate was not found in the local Ensembl 115 GTF
ENSPTRG00000003301	candidate_not_in_local_release115_gtf	ENSPTRG00000003301	1		90	ENSPTRG00000003301.4		success	Archive candidate was not found in the local Ensembl 115 GTF
ENSPTRG00000003395	candidate_not_in_local_release115_gtf	ENSPTRG00000003395	1		64	ENSPTRG00000003395.2		success	Archive candidate was not found in the local Ensembl 115 GTF
ENSPTRG00000003475	candidate_not_in_local_release115_gtf	ENSPTRG00000003475	1		64	ENSPTRG00000003475.2		success	Archive candidate was not found in the local Ensembl 115 GTF
ENSPTRG00000003508	candidate_not_in_local_release115_gtf	ENSPTRG00000003508	1		90	ENSPTRG00000003508.3		success	Archive candidate was not found in the local Ensembl 115 GTF
ENSPTRG00000003730	candidate_not_in_local_release115_gtf	ENSPTRG00000003730	1		64	ENSPTRG00000003730.2		success	Archive candidate was not found in the local Ensembl 115 GTF
ENSPTRG00000003778	candidate_not_in_local_release115_gtf	ENSPTRG00000003778	1		64	ENSPTRG00000003778.3		success	Archive candidate was not found in the local Ensembl 115 GTF
ENSPTRG00000003786	candidate_not_in_local_release115_gtf	ENSPTRG00000003786	1		90	ENSPTRG00000003786.4		success	Archive candidate was not found in the local Ensembl 115 GTF
ENSPTRG00000003793	candidate_not_in_local_release115_gtf	ENSPTRG00000003793	1		64	ENSPTRG00000003793.3		success	Archive candidate was not found in the local Ensembl 115 GTF
ENSPTRG00000003810	candidate_not_in_local_release115_gtf	ENSPTRG00000003810	1		64	ENSPTRG00000003810.4		success	Archive candidate was not found in the local Ensembl 115 GTF
ENSPTRG00000003862	candidate_not_in_local_release115_gtf	ENSPTRG00000003862	1		64	ENSPTRG00000003862.2		success	Archive candidate was not found in the local Ensembl 115 GTF
ENSPTRG00000003875	candidate_not_in_local_release115_gtf	ENSPTRG00000003875	1		64	ENSPTRG00000003875.4		success	Archive candidate was not found in the local Ensembl 115 GTF
ENSPTRG00000003906	candidate_not_in_local_release115_gtf	ENSPTRG00000003906	1		64	ENSPTRG00000003906.3		success	Archive candidate was not found in the local Ensembl 115 GTF
ENSPTRG00000003952	candidate_not_in_local_release115_gtf	ENSPTRG00000003952	1		64	ENSPTRG00000003952.4		success	Archive candidate was not found in the local Ensembl 115 GTF
ENSPTRG00000004006	candidate_not_in_local_release115_gtf	ENSPTRG00000004006	1		64	ENSPTRG00000004006.4		success	Archive candidate was not found in the local Ensembl 115 GTF
ENSPTRG00000004026	candidate_not_in_local_release115_gtf	ENSPTRG00000004026	1		64	ENSPTRG00000004026.3		success	Archive candidate was not found in the local Ensembl 115 GTF
ENSPTRG00000004050	candidate_not_in_local_release115_gtf	ENSPTRG00000004050	1		90	ENSPTRG00000004050.3		success	Archive candidate was not found in the local Ensembl 115 GTF
ENSPTRG00000004070	candidate_not_in_local_release115_gtf	ENSPTRG00000004070	1		90	ENSPTRG00000004070.4		success	Archive candidate was not found in the local Ensembl 115 GTF
ENSPTRG00000004104	candidate_not_in_local_release115_gtf	ENSPTRG00000004104	1		64	ENSPTRG00000004104.1		success	Archive candidate was not found in the local Ensembl 115 GTF
ENSPTRG00000004111	candidate_not_in_local_release115_gtf	ENSPTRG00000004111	1		90	ENSPTRG00000004111.5		success	Archive candidate was not found in the local Ensembl 115 GTF
ENSPTRG00000004150	candidate_not_in_local_release115_gtf	ENSPTRG00000004150	1		90	ENSPTRG00000004150.5		success	Archive candidate was not found in the local Ensembl 115 GTF
ENSPTRG00000004282	candidate_not_in_local_release115_gtf	ENSPTRG00000004282	1		90	ENSPTRG00000004282.3		success	Archive candidate was not found in the local Ensembl 115 GTF
ENSPTRG00000004331	candidate_not_in_local_release115_gtf	ENSPTRG00000004331	1		90	ENSPTRG00000004331.2		success	Archive candidate was not found in the local Ensembl 115 GTF
ENSPTRG00000004366	candidate_not_in_local_release115_gtf	ENSPTRG00000004366	1		64	ENSPTRG00000004366.4		success	Archive candidate was not found in the local Ensembl 115 GTF
ENSPTRG00000004600	candidate_not_in_local_release115_gtf	ENSPTRG00000004600	1		90	ENSPTRG00000004600.2		success	Archive candidate was not found in the local Ensembl 115 GTF
ENSPTRG00000004603	candidate_not_in_local_release115_gtf	ENSPTRG00000004603	1		64	ENSPTRG00000004603.4		success	Archive candidate was not found in the local Ensembl 115 GTF
ENSPTRG00000004670	candidate_not_in_local_release115_gtf	ENSPTRG00000004670	1		64	ENSPTRG00000004670.3		success	Archive candidate was not found in the local Ensembl 115 GTF
ENSPTRG00000004679	candidate_not_in_local_release115_gtf	ENSPTRG00000004679	1		90	ENSPTRG00000004679.3		success	Archive candidate was not found in the local Ensembl 115 GTF
ENSPTRG00000004926	candidate_not_in_local_release115_gtf	ENSPTRG00000004926	1		90	ENSPTRG00000004926.1		success	Archive candidate was not found in the local Ensembl 115 GTF
ENSPTRG00000004997	candidate_not_in_local_release115_gtf	ENSPTRG00000004997	1		64	ENSPTRG00000004997.4		success	Archive candidate was not found in the local Ensembl 115 GTF
ENSPTRG00000005091	candidate_not_in_local_release115_gtf	ENSPTRG00000005091	1		64	ENSPTRG00000005091.2		success	Archive candidate was not found in the local Ensembl 115 GTF
ENSPTRG00000005110	candidate_not_in_local_release115_gtf	ENSPTRG00000005110	1		64	ENSPTRG00000005110.4		success	Archive candidate was not found in the local Ensembl 115 GTF
ENSPTRG00000005127	candidate_not_in_local_release115_gtf	ENSPTRG00000005127	1		64	ENSPTRG00000005127.4		success	Archive candidate was not found in the local Ensembl 115 GTF
ENSPTRG00000005191	candidate_not_in_local_release115_gtf	ENSPTRG00000005191	1		90	ENSPTRG00000005191.5		success	Archive candidate was not found in the local Ensembl 115 GTF
ENSPTRG00000005373	candidate_not_in_local_release115_gtf	ENSPTRG00000005373	1		64	ENSPTRG00000005373.4		success	Archive candidate was not found in the local Ensembl 115 GTF
ENSPTRG00000005376	candidate_not_in_local_release115_gtf	ENSPTRG00000005376	1		64	ENSPTRG00000005376.3		success	Archive candidate was not found in the local Ensembl 115 GTF
ENSPTRG00000005424	candidate_not_in_local_release115_gtf	ENSPTRG00000005424	1		64	ENSPTRG00000005424.3		success	Archive candidate was not found in the local Ensembl 115 GTF
ENSPTRG00000005474	ambiguous_multiple_protein_coding	ENSPTRG00000047767;ENSPTRG00000051592	2		90	ENSPTRG00000005474.5		success	Multiple local protein-coding candidates; not rescued automatically
ENSPTRG00000005475	candidate_not_in_local_release115_gtf	ENSPTRG00000005475	1		64	ENSPTRG00000005475.4		success	Archive candidate was not found in the local Ensembl 115 GTF
ENSPTRG00000005598	candidate_not_in_local_release115_gtf	ENSPTRG00000005598	1		90	ENSPTRG00000005598.4		success	Archive candidate was not found in the local Ensembl 115 GTF
ENSPTRG00000005600	candidate_not_in_local_release115_gtf	ENSPTRG00000005600	1		64	ENSPTRG00000005600.2		success	Archive candidate was not found in the local Ensembl 115 GTF
ENSPTRG00000005619	candidate_not_in_local_release115_gtf	ENSPTRG00000005619	1		64	ENSPTRG00000005619.4		success	Archive candidate was not found in the local Ensembl 115 GTF
ENSPTRG00000005648	candidate_not_in_local_release115_gtf	ENSPTRG00000005648	1		64	ENSPTRG00000005648.3		success	Archive candidate was not found in the local Ensembl 115 GTF
ENSPTRG00000005694	candidate_not_in_local_release115_gtf	ENSPTRG00000005694	1		90	ENSPTRG00000005694.4		success	Archive candidate was not found in the local Ensembl 115 GTF
ENSPTRG00000005755	candidate_not_in_local_release115_gtf	ENSPTRG00000005755	1		64	ENSPTRG00000005755.4		success	Archive candidate was not found in the local Ensembl 115 GTF
ENSPTRG00000005796	candidate_not_in_local_release115_gtf	ENSPTRG00000005796	1		64	ENSPTRG00000005796.2		success	Archive candidate was not found in the local Ensembl 115 GTF
ENSPTRG00000005803	candidate_not_in_local_release115_gtf	ENSPTRG00000005803	1		90	ENSPTRG00000005803.5		success	Archive candidate was not found in the local Ensembl 115 GTF
ENSPTRG00000005810	candidate_not_in_local_release115_gtf	ENSPTRG00000005810	1		90	ENSPTRG00000005810.6		success	Archive candidate was not found in the local Ensembl 115 GTF
ENSPTRG00000005831	candidate_not_in_local_release115_gtf	ENSPTRG00000005831	1		90	ENSPTRG00000005831.3		success	Archive candidate was not found in the local Ensembl 115 GTF
ENSPTRG00000006026	candidate_not_in_local_release115_gtf	ENSPTRG00000006026	1		90	ENSPTRG00000006026.3		success	Archive candidate was not found in the local Ensembl 115 GTF
ENSPTRG00000006035	candidate_not_in_local_release115_gtf	ENSPTRG00000006035	1		64	ENSPTRG00000006035.4		success	Archive candidate was not found in the local Ensembl 115 GTF
ENSPTRG00000006066	candidate_not_in_local_release115_gtf	ENSPTRG00000006066	1		90	ENSPTRG00000006066.4		success	Archive candidate was not found in the local Ensembl 115 GTF
ENSPTRG00000006168	candidate_not_in_local_release115_gtf	ENSPTRG00000006168	1		90	ENSPTRG00000006168.3		success	Archive candidate was not found in the local Ensembl 115 GTF
ENSPTRG00000006205	candidate_not_in_local_release115_gtf	ENSPTRG00000006205	1		64	ENSPTRG00000006205.4		success	Archive candidate was not found in the local Ensembl 115 GTF
ENSPTRG00000006206	candidate_not_in_local_release115_gtf	ENSPTRG00000006206	1		64	ENSPTRG00000006206.3		success	Archive candidate was not found in the local Ensembl 115 GTF
ENSPTRG00000006324	candidate_not_in_local_release115_gtf	ENSPTRG00000006324	1		90	ENSPTRG00000006324.4		success	Archive candidate was not found in the local Ensembl 115 GTF
ENSPTRG00000006369	candidate_not_in_local_release115_gtf	ENSPTRG00000006369	1		90	ENSPTRG00000006369.5		success	Archive candidate was not found in the local Ensembl 115 GTF
ENSPTRG00000006444	candidate_not_in_local_release115_gtf	ENSPTRG00000006444	1		64	ENSPTRG00000006444.4		success	Archive candidate was not found in the local Ensembl 115 GTF
ENSPTRG00000006494	candidate_not_in_local_release115_gtf	ENSPTRG00000006494	1		90	ENSPTRG00000006494.5		success	Archive candidate was not found in the local Ensembl 115 GTF
ENSPTRG00000006552	candidate_not_in_local_release115_gtf	ENSPTRG00000006552	1		90	ENSPTRG00000006552.3		success	Archive candidate was not found in the local Ensembl 115 GTF
ENSPTRG00000006759	candidate_not_in_local_release115_gtf	ENSPTRG00000006759	1		64	ENSPTRG00000006759.2		success	Archive candidate was not found in the local Ensembl 115 GTF
ENSPTRG00000006788	candidate_not_in_local_release115_gtf	ENSPTRG00000006788	1		64	ENSPTRG00000006788.3		success	Archive candidate was not found in the local Ensembl 115 GTF
ENSPTRG00000006819	candidate_not_in_local_release115_gtf	ENSPTRG00000006819	1		64	ENSPTRG00000006819.4		success	Archive candidate was not found in the local Ensembl 115 GTF
ENSPTRG00000006844	candidate_not_in_local_release115_gtf	ENSPTRG00000006844	1		64	ENSPTRG00000006844.4		success	Archive candidate was not found in the local Ensembl 115 GTF
ENSPTRG00000006848	candidate_not_in_local_release115_gtf	ENSPTRG00000006848	1		90	ENSPTRG00000006848.4		success	Archive candidate was not found in the local Ensembl 115 GTF
ENSPTRG00000007014	candidate_not_in_local_release115_gtf	ENSPTRG00000007014	1		64	ENSPTRG00000007014.3		success	Archive candidate was not found in the local Ensembl 115 GTF
ENSPTRG00000007303	candidate_not_in_local_release115_gtf	ENSPTRG00000007303	1		90	ENSPTRG00000007303.3		success	Archive candidate was not found in the local Ensembl 115 GTF
ENSPTRG00000007399	candidate_not_in_local_release115_gtf	ENSPTRG00000007399	1		64	ENSPTRG00000007399.2		success	Archive candidate was not found in the local Ensembl 115 GTF
ENSPTRG00000007511	candidate_not_in_local_release115_gtf	ENSPTRG00000007511	1		90	ENSPTRG00000007511.4		success	Archive candidate was not found in the local Ensembl 115 GTF
ENSPTRG00000007539	candidate_not_in_local_release115_gtf	ENSPTRG00000007539	1		64	ENSPTRG00000007539.5		success	Archive candidate was not found in the local Ensembl 115 GTF
ENSPTRG00000007541	candidate_not_in_local_release115_gtf	ENSPTRG00000007541	1		90	ENSPTRG00000007541.4		success	Archive candidate was not found in the local Ensembl 115 GTF
ENSPTRG00000007623	candidate_not_in_local_release115_gtf	ENSPTRG00000007623	1		90	ENSPTRG00000007623.4		success	Archive candidate was not found in the local Ensembl 115 GTF
ENSPTRG00000007697	candidate_not_in_local_release115_gtf	ENSPTRG00000007697	1		64	ENSPTRG00000007697.3		success	Archive candidate was not found in the local Ensembl 115 GTF
ENSPTRG00000007715	candidate_not_in_local_release115_gtf	ENSPTRG00000007715	1		90	ENSPTRG00000007715.2		success	Archive candidate was not found in the local Ensembl 115 GTF
ENSPTRG00000007727	candidate_not_in_local_release115_gtf	ENSPTRG00000007727	1		90	ENSPTRG00000007727.5		success	Archive candidate was not found in the local Ensembl 115 GTF
ENSPTRG00000007891	candidate_not_in_local_release115_gtf	ENSPTRG00000007891	1		90	ENSPTRG00000007891.2		success	Archive candidate was not found in the local Ensembl 115 GTF
ENSPTRG00000007946	candidate_not_in_local_release115_gtf	ENSPTRG00000007946	1		90	ENSPTRG00000007946.6		success	Archive candidate was not found in the local Ensembl 115 GTF
ENSPTRG00000008006	candidate_not_in_local_release115_gtf	ENSPTRG00000008006	1		90	ENSPTRG00000008006.3		success	Archive candidate was not found in the local Ensembl 115 GTF
ENSPTRG00000008027	candidate_not_in_local_release115_gtf	ENSPTRG00000008027	1		64	ENSPTRG00000008027.3		success	Archive candidate was not found in the local Ensembl 115 GTF
ENSPTRG00000008193	candidate_not_in_local_release115_gtf	ENSPTRG00000008193	1		90	ENSPTRG00000008193.4		success	Archive candidate was not found in the local Ensembl 115 GTF
ENSPTRG00000008213	candidate_not_in_local_release115_gtf	ENSPTRG00000008213	1		64	ENSPTRG00000008213.2		success	Archive candidate was not found in the local Ensembl 115 GTF
ENSPTRG00000008247	candidate_not_in_local_release115_gtf	ENSPTRG00000008247	1		90	ENSPTRG00000008247.3		success	Archive candidate was not found in the local Ensembl 115 GTF
ENSPTRG00000008485	candidate_not_in_local_release115_gtf	ENSPTRG00000008485	1		90	ENSPTRG00000008485.5		success	Archive candidate was not found in the local Ensembl 115 GTF
ENSPTRG00000008498	candidate_not_in_local_release115_gtf	ENSPTRG00000008498	1		64	ENSPTRG00000008498.2		success	Archive candidate was not found in the local Ensembl 115 GTF
ENSPTRG00000008522	candidate_not_in_local_release115_gtf	ENSPTRG00000008522	1		90	ENSPTRG00000008522.3		success	Archive candidate was not found in the local Ensembl 115 GTF
ENSPTRG00000008589	candidate_not_in_local_release115_gtf	ENSPTRG00000008589	1		64	ENSPTRG00000008589.3		success	Archive candidate was not found in the local Ensembl 115 GTF
ENSPTRG00000008622	candidate_not_in_local_release115_gtf	ENSPTRG00000008622	1		90	ENSPTRG00000008622.4		success	Archive candidate was not found in the local Ensembl 115 GTF
ENSPTRG00000008654	candidate_not_in_local_release115_gtf	ENSPTRG00000008654	1		64	ENSPTRG00000008654.4		success	Archive candidate was not found in the local Ensembl 115 GTF
ENSPTRG00000008813	candidate_not_in_local_release115_gtf	ENSPTRG00000008813	1		64	ENSPTRG00000008813.4		success	Archive candidate was not found in the local Ensembl 115 GTF
ENSPTRG00000008835	candidate_not_in_local_release115_gtf	ENSPTRG00000008835	1		64	ENSPTRG00000008835.4		success	Archive candidate was not found in the local Ensembl 115 GTF
ENSPTRG00000008913	candidate_not_in_local_release115_gtf	ENSPTRG00000008913	1		64	ENSPTRG00000008913.2		success	Archive candidate was not found in the local Ensembl 115 GTF
ENSPTRG00000008928	candidate_not_in_local_release115_gtf	ENSPTRG00000008928	1		90	ENSPTRG00000008928.1		success	Archive candidate was not found in the local Ensembl 115 GTF
ENSPTRG00000009075	candidate_not_in_local_release115_gtf	ENSPTRG00000009075	1		64	ENSPTRG00000009075.2		success	Archive candidate was not found in the local Ensembl 115 GTF
ENSPTRG00000009218	candidate_not_in_local_release115_gtf	ENSPTRG00000009218	1		90	ENSPTRG00000009218.4		success	Archive candidate was not found in the local Ensembl 115 GTF
ENSPTRG00000009250	candidate_not_in_local_release115_gtf	ENSPTRG00000009250	1		64	ENSPTRG00000009250.3		success	Archive candidate was not found in the local Ensembl 115 GTF
ENSPTRG00000009298	candidate_not_in_local_release115_gtf	ENSPTRG00000009298	1		64	ENSPTRG00000009298.2		success	Archive candidate was not found in the local Ensembl 115 GTF
ENSPTRG00000009366	candidate_not_in_local_release115_gtf	ENSPTRG00000009366	1		64	ENSPTRG00000009366.3		success	Archive candidate was not found in the local Ensembl 115 GTF
ENSPTRG00000009415	candidate_not_in_local_release115_gtf	ENSPTRG00000009415	1		90	ENSPTRG00000009415.4		success	Archive candidate was not found in the local Ensembl 115 GTF
ENSPTRG00000009426	candidate_not_in_local_release115_gtf	ENSPTRG00000009426	1		90	ENSPTRG00000009426.4		success	Archive candidate was not found in the local Ensembl 115 GTF
ENSPTRG00000009585	candidate_not_in_local_release115_gtf	ENSPTRG00000009585	1		64	ENSPTRG00000009585.3		success	Archive candidate was not found in the local Ensembl 115 GTF
ENSPTRG00000009599	candidate_not_in_local_release115_gtf	ENSPTRG00000009599	1		90	ENSPTRG00000009599.4		success	Archive candidate was not found in the local Ensembl 115 GTF
ENSPTRG00000009703	candidate_not_in_local_release115_gtf	ENSPTRG00000009703	1		64	ENSPTRG00000009703.2		success	Archive candidate was not found in the local Ensembl 115 GTF
ENSPTRG00000009720	candidate_not_in_local_release115_gtf	ENSPTRG00000009720	1		64	ENSPTRG00000009720.4		success	Archive candidate was not found in the local Ensembl 115 GTF
ENSPTRG00000009749	candidate_not_in_local_release115_gtf	ENSPTRG00000009749	1		64	ENSPTRG00000009749.2		success	Archive candidate was not found in the local Ensembl 115 GTF
ENSPTRG00000009769	candidate_not_in_local_release115_gtf	ENSPTRG00000009769	1		64	ENSPTRG00000009769.4		success	Archive candidate was not found in the local Ensembl 115 GTF
ENSPTRG00000009840	candidate_not_in_local_release115_gtf	ENSPTRG00000009840	1		90	ENSPTRG00000009840.3		success	Archive candidate was not found in the local Ensembl 115 GTF
ENSPTRG00000009864	candidate_not_in_local_release115_gtf	ENSPTRG00000009864	1		90	ENSPTRG00000009864.2		success	Archive candidate was not found in the local Ensembl 115 GTF
ENSPTRG00000010005	candidate_not_in_local_release115_gtf	ENSPTRG00000010005	1		90	ENSPTRG00000010005.6		success	Archive candidate was not found in the local Ensembl 115 GTF
ENSPTRG00000010119	candidate_not_in_local_release115_gtf	ENSPTRG00000010119	1		90	ENSPTRG00000010119.3		success	Archive candidate was not found in the local Ensembl 115 GTF
ENSPTRG00000010136	candidate_not_in_local_release115_gtf	ENSPTRG00000010136	1		90	ENSPTRG00000010136.4		success	Archive candidate was not found in the local Ensembl 115 GTF
ENSPTRG00000010400	candidate_not_in_local_release115_gtf	ENSPTRG00000010400	1		90	ENSPTRG00000010400.5		success	Archive candidate was not found in the local Ensembl 115 GTF
ENSPTRG00000010432	candidate_not_in_local_release115_gtf	ENSPTRG00000010432	1		90	ENSPTRG00000010432.3		success	Archive candidate was not found in the local Ensembl 115 GTF
ENSPTRG00000010663	candidate_not_in_local_release115_gtf	ENSPTRG00000010663	1		90	ENSPTRG00000010663.5		success	Archive candidate was not found in the local Ensembl 115 GTF
ENSPTRG00000010772	candidate_not_in_local_release115_gtf	ENSPTRG00000010772	1		90	ENSPTRG00000010772.5		success	Archive candidate was not found in the local Ensembl 115 GTF
ENSPTRG00000010808	candidate_not_in_local_release115_gtf	ENSPTRG00000010808	1		90	ENSPTRG00000010808.3		success	Archive candidate was not found in the local Ensembl 115 GTF
ENSPTRG00000010891	candidate_not_in_local_release115_gtf	ENSPTRG00000010891	1		90	ENSPTRG00000010891.4		success	Archive candidate was not found in the local Ensembl 115 GTF
ENSPTRG00000011138	candidate_not_in_local_release115_gtf	ENSPTRG00000011138	1		90	ENSPTRG00000011138.2		success	Archive candidate was not found in the local Ensembl 115 GTF
ENSPTRG00000011158	candidate_not_in_local_release115_gtf	ENSPTRG00000011158	1		64	ENSPTRG00000011158.2		success	Archive candidate was not found in the local Ensembl 115 GTF
ENSPTRG00000011159	candidate_not_in_local_release115_gtf	ENSPTRG00000011159	1		64	ENSPTRG00000011159.2		success	Archive candidate was not found in the local Ensembl 115 GTF
ENSPTRG00000011193	candidate_not_in_local_release115_gtf	ENSPTRG00000011193	1		90	ENSPTRG00000011193.4		success	Archive candidate was not found in the local Ensembl 115 GTF
ENSPTRG00000011311	candidate_not_in_local_release115_gtf	ENSPTRG00000011311	1		64	ENSPTRG00000011311.4		success	Archive candidate was not found in the local Ensembl 115 GTF
ENSPTRG00000011353	candidate_not_in_local_release115_gtf	ENSPTRG00000011353	1		90	ENSPTRG00000011353.4		success	Archive candidate was not found in the local Ensembl 115 GTF
ENSPTRG00000011729	candidate_not_in_local_release115_gtf	ENSPTRG00000011729	1		90	ENSPTRG00000011729.2		success	Archive candidate was not found in the local Ensembl 115 GTF
ENSPTRG00000011921	candidate_not_in_local_release115_gtf	ENSPTRG00000011921	1		90	ENSPTRG00000011921.4		success	Archive candidate was not found in the local Ensembl 115 GTF
ENSPTRG00000012030	candidate_not_in_local_release115_gtf	ENSPTRG00000012030	1		90	ENSPTRG00000012030.2		success	Archive candidate was not found in the local Ensembl 115 GTF
ENSPTRG00000012163	candidate_not_in_local_release115_gtf	ENSPTRG00000012163	1		64	ENSPTRG00000012163.3		success	Archive candidate was not found in the local Ensembl 115 GTF
ENSPTRG00000012347	candidate_not_in_local_release115_gtf	ENSPTRG00000012347	1		64	ENSPTRG00000012347.2		success	Archive candidate was not found in the local Ensembl 115 GTF
ENSPTRG00000012385	candidate_not_in_local_release115_gtf	ENSPTRG00000012385	1		64	ENSPTRG00000012385.3		success	Archive candidate was not found in the local Ensembl 115 GTF
ENSPTRG00000012388	candidate_not_in_local_release115_gtf	ENSPTRG00000012388	1		90	ENSPTRG00000012388.3		success	Archive candidate was not found in the local Ensembl 115 GTF
ENSPTRG00000012405	candidate_not_in_local_release115_gtf	ENSPTRG00000012405	1		90	ENSPTRG00000012405.3		success	Archive candidate was not found in the local Ensembl 115 GTF
ENSPTRG00000012410	candidate_not_in_local_release115_gtf	ENSPTRG00000012410	1		90	ENSPTRG00000012410.5		success	Archive candidate was not found in the local Ensembl 115 GTF
ENSPTRG00000012426	candidate_not_in_local_release115_gtf	ENSPTRG00000012426	1		64	ENSPTRG00000012426.4		success	Archive candidate was not found in the local Ensembl 115 GTF
ENSPTRG00000012468	candidate_not_in_local_release115_gtf	ENSPTRG00000012468	1		64	ENSPTRG00000012468.3		success	Archive candidate was not found in the local Ensembl 115 GTF
ENSPTRG00000012623	candidate_not_in_local_release115_gtf	ENSPTRG00000012623	1		64	ENSPTRG00000012623.4		success	Archive candidate was not found in the local Ensembl 115 GTF
ENSPTRG00000012661	candidate_not_in_local_release115_gtf	ENSPTRG00000012661	1		90	ENSPTRG00000012661.3		success	Archive candidate was not found in the local Ensembl 115 GTF
ENSPTRG00000012699	candidate_not_in_local_release115_gtf	ENSPTRG00000012699	1		90	ENSPTRG00000012699.5		success	Archive candidate was not found in the local Ensembl 115 GTF
ENSPTRG00000012843	candidate_not_in_local_release115_gtf	ENSPTRG00000012843	1		64	ENSPTRG00000012843.3		success	Archive candidate was not found in the local Ensembl 115 GTF
ENSPTRG00000012874	candidate_not_in_local_release115_gtf	ENSPTRG00000012874	1		64	ENSPTRG00000012874.4		success	Archive candidate was not found in the local Ensembl 115 GTF
ENSPTRG00000012968	candidate_not_in_local_release115_gtf	ENSPTRG00000012968	1		64	ENSPTRG00000012968.3		success	Archive candidate was not found in the local Ensembl 115 GTF
ENSPTRG00000013014	candidate_not_in_local_release115_gtf	ENSPTRG00000013014	1		64	ENSPTRG00000013014.4		success	Archive candidate was not found in the local Ensembl 115 GTF
ENSPTRG00000013094	candidate_not_in_local_release115_gtf	ENSPTRG00000013094	1		90	ENSPTRG00000013094.4		success	Archive candidate was not found in the local Ensembl 115 GTF
ENSPTRG00000013106	candidate_not_in_local_release115_gtf	ENSPTRG00000013106	1		90	ENSPTRG00000013106.2		success	Archive candidate was not found in the local Ensembl 115 GTF
ENSPTRG00000013449	candidate_not_in_local_release115_gtf	ENSPTRG00000013449	1		64	ENSPTRG00000013449.5		success	Archive candidate was not found in the local Ensembl 115 GTF
ENSPTRG00000013475	candidate_not_in_local_release115_gtf	ENSPTRG00000013475	1		90	ENSPTRG00000013475.5		success	Archive candidate was not found in the local Ensembl 115 GTF
ENSPTRG00000013487	candidate_not_in_local_release115_gtf	ENSPTRG00000013487	1		64	ENSPTRG00000013487.4		success	Archive candidate was not found in the local Ensembl 115 GTF
ENSPTRG00000013521	candidate_not_in_local_release115_gtf	ENSPTRG00000013521	1		90	ENSPTRG00000013521.4		success	Archive candidate was not found in the local Ensembl 115 GTF
ENSPTRG00000013604	candidate_not_in_local_release115_gtf	ENSPTRG00000013604	1		64	ENSPTRG00000013604.4		success	Archive candidate was not found in the local Ensembl 115 GTF
ENSPTRG00000013671	candidate_not_in_local_release115_gtf	ENSPTRG00000013671	1		90	ENSPTRG00000013671.4		success	Archive candidate was not found in the local Ensembl 115 GTF
ENSPTRG00000013688	candidate_not_in_local_release115_gtf	ENSPTRG00000013688	1		90	ENSPTRG00000013688.4		success	Archive candidate was not found in the local Ensembl 115 GTF
ENSPTRG00000013822	candidate_not_in_local_release115_gtf	ENSPTRG00000013822	1		64	ENSPTRG00000013822.4		success	Archive candidate was not found in the local Ensembl 115 GTF
ENSPTRG00000013949	candidate_not_in_local_release115_gtf	ENSPTRG00000013949	1		90	ENSPTRG00000013949.5		success	Archive candidate was not found in the local Ensembl 115 GTF
ENSPTRG00000013959	candidate_not_in_local_release115_gtf	ENSPTRG00000013959	1		64	ENSPTRG00000013959.5		success	Archive candidate was not found in the local Ensembl 115 GTF
ENSPTRG00000013961	candidate_not_in_local_release115_gtf	ENSPTRG00000013961	1		90	ENSPTRG00000013961.3		success	Archive candidate was not found in the local Ensembl 115 GTF
ENSPTRG00000013964	candidate_not_in_local_release115_gtf	ENSPTRG00000013964	1		90	ENSPTRG00000013964.6		success	Archive candidate was not found in the local Ensembl 115 GTF
ENSPTRG00000013970	candidate_not_in_local_release115_gtf	ENSPTRG00000013970	1		64	ENSPTRG00000013970.5		success	Archive candidate was not found in the local Ensembl 115 GTF
ENSPTRG00000013991	candidate_not_in_local_release115_gtf	ENSPTRG00000013991	1		90	ENSPTRG00000013991.5		success	Archive candidate was not found in the local Ensembl 115 GTF
ENSPTRG00000014039	candidate_not_in_local_release115_gtf	ENSPTRG00000014039	1		64	ENSPTRG00000014039.3		success	Archive candidate was not found in the local Ensembl 115 GTF
ENSPTRG00000014062	candidate_not_in_local_release115_gtf	ENSPTRG00000014062	1		90	ENSPTRG00000014062.4		success	Archive candidate was not found in the local Ensembl 115 GTF
ENSPTRG00000014063	candidate_not_in_local_release115_gtf	ENSPTRG00000014063	1		64	ENSPTRG00000014063.4		success	Archive candidate was not found in the local Ensembl 115 GTF
ENSPTRG00000014152	candidate_not_in_local_release115_gtf	ENSPTRG00000014152	1		64	ENSPTRG00000014152.4		success	Archive candidate was not found in the local Ensembl 115 GTF
ENSPTRG00000014230	candidate_not_in_local_release115_gtf	ENSPTRG00000014230	1		90	ENSPTRG00000014230.5		success	Archive candidate was not found in the local Ensembl 115 GTF
ENSPTRG00000014314	candidate_not_in_local_release115_gtf	ENSPTRG00000014314	1		64	ENSPTRG00000014314.3		success	Archive candidate was not found in the local Ensembl 115 GTF
ENSPTRG00000014414	candidate_not_in_local_release115_gtf	ENSPTRG00000014414	1		64	ENSPTRG00000014414.2		success	Archive candidate was not found in the local Ensembl 115 GTF
ENSPTRG00000014430	candidate_not_in_local_release115_gtf	ENSPTRG00000014430	1		90	ENSPTRG00000014430.5		success	Archive candidate was not found in the local Ensembl 115 GTF
ENSPTRG00000014447	candidate_not_in_local_release115_gtf	ENSPTRG00000014447	1		90	ENSPTRG00000014447.3		success	Archive candidate was not found in the local Ensembl 115 GTF
ENSPTRG00000014457	candidate_not_in_local_release115_gtf	ENSPTRG00000014457	1		64	ENSPTRG00000014457.4		success	Archive candidate was not found in the local Ensembl 115 GTF
ENSPTRG00000014567	candidate_not_in_local_release115_gtf	ENSPTRG00000014567	1		64	ENSPTRG00000014567.5		success	Archive candidate was not found in the local Ensembl 115 GTF
ENSPTRG00000014671	candidate_not_in_local_release115_gtf	ENSPTRG00000014671	1		90	ENSPTRG00000014671.4		success	Archive candidate was not found in the local Ensembl 115 GTF
ENSPTRG00000014692	candidate_not_in_local_release115_gtf	ENSPTRG00000014692	1		64	ENSPTRG00000014692.2		success	Archive candidate was not found in the local Ensembl 115 GTF
ENSPTRG00000014906	candidate_not_in_local_release115_gtf	ENSPTRG00000014906	1		64	ENSPTRG00000014906.3		success	Archive candidate was not found in the local Ensembl 115 GTF
ENSPTRG00000014930	candidate_not_in_local_release115_gtf	ENSPTRG00000014930	1		64	ENSPTRG00000014930.4		success	Archive candidate was not found in the local Ensembl 115 GTF
ENSPTRG00000014958	candidate_not_in_local_release115_gtf	ENSPTRG00000014958	1		90	ENSPTRG00000014958.4		success	Archive candidate was not found in the local Ensembl 115 GTF
ENSPTRG00000014987	candidate_not_in_local_release115_gtf	ENSPTRG00000014987	1		64	ENSPTRG00000014987.1		success	Archive candidate was not found in the local Ensembl 115 GTF
ENSPTRG00000015025	candidate_not_in_local_release115_gtf	ENSPTRG00000015025	1		64	ENSPTRG00000015025.3		success	Archive candidate was not found in the local Ensembl 115 GTF
ENSPTRG00000015057	candidate_not_in_local_release115_gtf	ENSPTRG00000015057	1		90	ENSPTRG00000015057.3		success	Archive candidate was not found in the local Ensembl 115 GTF
ENSPTRG00000015131	candidate_not_in_local_release115_gtf	ENSPTRG00000015131	1		90	ENSPTRG00000015131.3		success	Archive candidate was not found in the local Ensembl 115 GTF
ENSPTRG00000015233	candidate_not_in_local_release115_gtf	ENSPTRG00000015233	1		90	ENSPTRG00000015233.4		success	Archive candidate was not found in the local Ensembl 115 GTF
ENSPTRG00000015260	candidate_not_in_local_release115_gtf	ENSPTRG00000015260	1		64	ENSPTRG00000015260.3		success	Archive candidate was not found in the local Ensembl 115 GTF
ENSPTRG00000015291	candidate_not_in_local_release115_gtf	ENSPTRG00000015291	1		64	ENSPTRG00000015291.3		success	Archive candidate was not found in the local Ensembl 115 GTF
ENSPTRG00000015395	candidate_not_in_local_release115_gtf	ENSPTRG00000015395	1		64	ENSPTRG00000015395.3		success	Archive candidate was not found in the local Ensembl 115 GTF
ENSPTRG00000015473	candidate_not_in_local_release115_gtf	ENSPTRG00000015473	1		90	ENSPTRG00000015473.5		success	Archive candidate was not found in the local Ensembl 115 GTF
ENSPTRG00000015529	candidate_not_in_local_release115_gtf	ENSPTRG00000015529	1		64	ENSPTRG00000015529.4		success	Archive candidate was not found in the local Ensembl 115 GTF
ENSPTRG00000015544	candidate_not_in_local_release115_gtf	ENSPTRG00000015544	1		90	ENSPTRG00000015544.4		success	Archive candidate was not found in the local Ensembl 115 GTF
ENSPTRG00000015560	candidate_not_in_local_release115_gtf	ENSPTRG00000015560	1		90	ENSPTRG00000015560.3		success	Archive candidate was not found in the local Ensembl 115 GTF
ENSPTRG00000015816	candidate_not_in_local_release115_gtf	ENSPTRG00000015816	1		64	ENSPTRG00000015816.3		success	Archive candidate was not found in the local Ensembl 115 GTF
ENSPTRG00000015828	candidate_not_in_local_release115_gtf	ENSPTRG00000015828	1		90	ENSPTRG00000015828.4		success	Archive candidate was not found in the local Ensembl 115 GTF
ENSPTRG00000015846	candidate_not_in_local_release115_gtf	ENSPTRG00000015846	1		64	ENSPTRG00000015846.4		success	Archive candidate was not found in the local Ensembl 115 GTF
ENSPTRG00000015862	candidate_not_in_local_release115_gtf	ENSPTRG00000015862	1		90	ENSPTRG00000015862.5		success	Archive candidate was not found in the local Ensembl 115 GTF
ENSPTRG00000015882	candidate_not_in_local_release115_gtf	ENSPTRG00000015882	1		64	ENSPTRG00000015882.2		success	Archive candidate was not found in the local Ensembl 115 GTF
ENSPTRG00000015884	candidate_not_in_local_release115_gtf	ENSPTRG00000015884	1		64	ENSPTRG00000015884.3		success	Archive candidate was not found in the local Ensembl 115 GTF
ENSPTRG00000015885	candidate_not_in_local_release115_gtf	ENSPTRG00000015885	1		64	ENSPTRG00000015885.4		success	Archive candidate was not found in the local Ensembl 115 GTF
ENSPTRG00000015889	candidate_not_in_local_release115_gtf	ENSPTRG00000015889	1		90	ENSPTRG00000015889.3		success	Archive candidate was not found in the local Ensembl 115 GTF
ENSPTRG00000015939	candidate_not_in_local_release115_gtf	ENSPTRG00000015939	1		90	ENSPTRG00000015939.5		success	Archive candidate was not found in the local Ensembl 115 GTF
ENSPTRG00000015997	candidate_not_in_local_release115_gtf	ENSPTRG00000015997	1		64	ENSPTRG00000015997.2		success	Archive candidate was not found in the local Ensembl 115 GTF
ENSPTRG00000016019	candidate_not_in_local_release115_gtf	ENSPTRG00000016019	1		64	ENSPTRG00000016019.2		success	Archive candidate was not found in the local Ensembl 115 GTF
ENSPTRG00000016147	candidate_not_in_local_release115_gtf	ENSPTRG00000016147	1		90	ENSPTRG00000016147.3		success	Archive candidate was not found in the local Ensembl 115 GTF
ENSPTRG00000016324	candidate_not_in_local_release115_gtf	ENSPTRG00000016324	1		64	ENSPTRG00000016324.4		success	Archive candidate was not found in the local Ensembl 115 GTF
ENSPTRG00000016362	candidate_not_in_local_release115_gtf	ENSPTRG00000016362	1		90	ENSPTRG00000016362.2		success	Archive candidate was not found in the local Ensembl 115 GTF
ENSPTRG00000016421	candidate_not_in_local_release115_gtf	ENSPTRG00000016421	1		90	ENSPTRG00000016421.5		success	Archive candidate was not found in the local Ensembl 115 GTF
ENSPTRG00000016452	candidate_not_in_local_release115_gtf	ENSPTRG00000016452	1		90	ENSPTRG00000016452.5		success	Archive candidate was not found in the local Ensembl 115 GTF
ENSPTRG00000016456	candidate_not_in_local_release115_gtf	ENSPTRG00000016456	1		64	ENSPTRG00000016456.2		success	Archive candidate was not found in the local Ensembl 115 GTF
ENSPTRG00000016508	candidate_not_in_local_release115_gtf	ENSPTRG00000016508	1		64	ENSPTRG00000016508.2		success	Archive candidate was not found in the local Ensembl 115 GTF
ENSPTRG00000016639	candidate_not_in_local_release115_gtf	ENSPTRG00000016639	1		90	ENSPTRG00000016639.5		success	Archive candidate was not found in the local Ensembl 115 GTF
ENSPTRG00000016772	candidate_not_in_local_release115_gtf	ENSPTRG00000016772	1		64	ENSPTRG00000016772.2		success	Archive candidate was not found in the local Ensembl 115 GTF
ENSPTRG00000016822	candidate_not_in_local_release115_gtf	ENSPTRG00000016822	1		90	ENSPTRG00000016822.5		success	Archive candidate was not found in the local Ensembl 115 GTF
ENSPTRG00000017178	candidate_not_in_local_release115_gtf	ENSPTRG00000017178	1		64	ENSPTRG00000017178.3		success	Archive candidate was not found in the local Ensembl 115 GTF
ENSPTRG00000017226	candidate_not_in_local_release115_gtf	ENSPTRG00000017226	1		90	ENSPTRG00000017226.4		success	Archive candidate was not found in the local Ensembl 115 GTF
ENSPTRG00000017237	candidate_not_in_local_release115_gtf	ENSPTRG00000017237	1		64	ENSPTRG00000017237.4		success	Archive candidate was not found in the local Ensembl 115 GTF
ENSPTRG00000017345	replacement_not_protein_coding	ENSPTRG00000017345	1	pseudogene	116	ENSPTRG00000017345.3	1	success	Candidate exists in local Ensembl 115 GTF but is not protein_coding
ENSPTRG00000017410	candidate_not_in_local_release115_gtf	ENSPTRG00000017410	1		64	ENSPTRG00000017410.3		success	Archive candidate was not found in the local Ensembl 115 GTF
ENSPTRG00000017453	candidate_not_in_local_release115_gtf	ENSPTRG00000017453	1		90	ENSPTRG00000017453.5		success	Archive candidate was not found in the local Ensembl 115 GTF
ENSPTRG00000017475	candidate_not_in_local_release115_gtf	ENSPTRG00000017475	1		64	ENSPTRG00000017475.2		success	Archive candidate was not found in the local Ensembl 115 GTF
ENSPTRG00000017562	candidate_not_in_local_release115_gtf	ENSPTRG00000017562	1		64	ENSPTRG00000017562.2		success	Archive candidate was not found in the local Ensembl 115 GTF
ENSPTRG00000017599	candidate_not_in_local_release115_gtf	ENSPTRG00000017599	1		64	ENSPTRG00000017599.2		success	Archive candidate was not found in the local Ensembl 115 GTF
ENSPTRG00000017628	candidate_not_in_local_release115_gtf	ENSPTRG00000017628	1		64	ENSPTRG00000017628.5		success	Archive candidate was not found in the local Ensembl 115 GTF
ENSPTRG00000017650	candidate_not_in_local_release115_gtf	ENSPTRG00000017650	1		64	ENSPTRG00000017650.4		success	Archive candidate was not found in the local Ensembl 115 GTF
ENSPTRG00000017744	candidate_not_in_local_release115_gtf	ENSPTRG00000017744	1		64	ENSPTRG00000017744.5		success	Archive candidate was not found in the local Ensembl 115 GTF
ENSPTRG00000017837	candidate_not_in_local_release115_gtf	ENSPTRG00000017837	1		90	ENSPTRG00000017837.4		success	Archive candidate was not found in the local Ensembl 115 GTF
ENSPTRG00000017915	candidate_not_in_local_release115_gtf	ENSPTRG00000017915	1		90	ENSPTRG00000017915.4		success	Archive candidate was not found in the local Ensembl 115 GTF
ENSPTRG00000017924	candidate_not_in_local_release115_gtf	ENSPTRG00000017924	1		90	ENSPTRG00000017924.6		success	Archive candidate was not found in the local Ensembl 115 GTF
ENSPTRG00000017939	candidate_not_in_local_release115_gtf	ENSPTRG00000017939	1		90	ENSPTRG00000017939.5		success	Archive candidate was not found in the local Ensembl 115 GTF
ENSPTRG00000018314	candidate_not_in_local_release115_gtf	ENSPTRG00000018314	1		90	ENSPTRG00000018314.4		success	Archive candidate was not found in the local Ensembl 115 GTF
ENSPTRG00000018735	candidate_not_in_local_release115_gtf	ENSPTRG00000018735	1		90	ENSPTRG00000018735.2		success	Archive candidate was not found in the local Ensembl 115 GTF
ENSPTRG00000018742	candidate_not_in_local_release115_gtf	ENSPTRG00000018742	1		90	ENSPTRG00000018742.5		success	Archive candidate was not found in the local Ensembl 115 GTF
ENSPTRG00000018832	candidate_not_in_local_release115_gtf	ENSPTRG00000018832	1		64	ENSPTRG00000018832.4		success	Archive candidate was not found in the local Ensembl 115 GTF
ENSPTRG00000018837	candidate_not_in_local_release115_gtf	ENSPTRG00000018837	1		64	ENSPTRG00000018837.4		success	Archive candidate was not found in the local Ensembl 115 GTF
ENSPTRG00000018844	candidate_not_in_local_release115_gtf	ENSPTRG00000018844	1		64	ENSPTRG00000018844.4		success	Archive candidate was not found in the local Ensembl 115 GTF
ENSPTRG00000018845	candidate_not_in_local_release115_gtf	ENSPTRG00000018845	1		64	ENSPTRG00000018845.3		success	Archive candidate was not found in the local Ensembl 115 GTF
ENSPTRG00000018853	candidate_not_in_local_release115_gtf	ENSPTRG00000018853	1		64	ENSPTRG00000018853.1		success	Archive candidate was not found in the local Ensembl 115 GTF
ENSPTRG00000018897	candidate_not_in_local_release115_gtf	ENSPTRG00000018897	1		90	ENSPTRG00000018897.3		success	Archive candidate was not found in the local Ensembl 115 GTF
ENSPTRG00000018911	candidate_not_in_local_release115_gtf	ENSPTRG00000018911	1		64	ENSPTRG00000018911.4		success	Archive candidate was not found in the local Ensembl 115 GTF
ENSPTRG00000018934	candidate_not_in_local_release115_gtf	ENSPTRG00000018934	1		90	ENSPTRG00000018934.5		success	Archive candidate was not found in the local Ensembl 115 GTF
ENSPTRG00000019126	candidate_not_in_local_release115_gtf	ENSPTRG00000019126	1		64	ENSPTRG00000019126.3		success	Archive candidate was not found in the local Ensembl 115 GTF
ENSPTRG00000019130	candidate_not_in_local_release115_gtf	ENSPTRG00000019130	1		64	ENSPTRG00000019130.3		success	Archive candidate was not found in the local Ensembl 115 GTF
ENSPTRG00000019243	candidate_not_in_local_release115_gtf	ENSPTRG00000019243	1		90	ENSPTRG00000019243.4		success	Archive candidate was not found in the local Ensembl 115 GTF
ENSPTRG00000019305	candidate_not_in_local_release115_gtf	ENSPTRG00000019305	1		64	ENSPTRG00000019305.4		success	Archive candidate was not found in the local Ensembl 115 GTF
ENSPTRG00000019385	candidate_not_in_local_release115_gtf	ENSPTRG00000019385	1		90	ENSPTRG00000019385.4		success	Archive candidate was not found in the local Ensembl 115 GTF
ENSPTRG00000019408	candidate_not_in_local_release115_gtf	ENSPTRG00000019408	1		90	ENSPTRG00000019408.4		success	Archive candidate was not found in the local Ensembl 115 GTF
ENSPTRG00000019454	candidate_not_in_local_release115_gtf	ENSPTRG00000019454	1		64	ENSPTRG00000019454.4		success	Archive candidate was not found in the local Ensembl 115 GTF
ENSPTRG00000019468	candidate_not_in_local_release115_gtf	ENSPTRG00000019468	1		90	ENSPTRG00000019468.5		success	Archive candidate was not found in the local Ensembl 115 GTF
ENSPTRG00000019605	candidate_not_in_local_release115_gtf	ENSPTRG00000019605	1		90	ENSPTRG00000019605.6		success	Archive candidate was not found in the local Ensembl 115 GTF
ENSPTRG00000019621	candidate_not_in_local_release115_gtf	ENSPTRG00000019621	1		90	ENSPTRG00000019621.3		success	Archive candidate was not found in the local Ensembl 115 GTF
ENSPTRG00000019754	candidate_not_in_local_release115_gtf	ENSPTRG00000019754	1		90	ENSPTRG00000019754.4		success	Archive candidate was not found in the local Ensembl 115 GTF
ENSPTRG00000019888	candidate_not_in_local_release115_gtf	ENSPTRG00000019888	1		64	ENSPTRG00000019888.3		success	Archive candidate was not found in the local Ensembl 115 GTF
ENSPTRG00000019926	candidate_not_in_local_release115_gtf	ENSPTRG00000019926	1		64	ENSPTRG00000019926.4		success	Archive candidate was not found in the local Ensembl 115 GTF
ENSPTRG00000020037	candidate_not_in_local_release115_gtf	ENSPTRG00000020037	1		64	ENSPTRG00000020037.2		success	Archive candidate was not found in the local Ensembl 115 GTF
ENSPTRG00000020132	candidate_not_in_local_release115_gtf	ENSPTRG00000020132	1		64	ENSPTRG00000020132.4		success	Archive candidate was not found in the local Ensembl 115 GTF
ENSPTRG00000020141	candidate_not_in_local_release115_gtf	ENSPTRG00000020141	1		64	ENSPTRG00000020141.3		success	Archive candidate was not found in the local Ensembl 115 GTF
ENSPTRG00000020181	candidate_not_in_local_release115_gtf	ENSPTRG00000020181	1		64	ENSPTRG00000020181.3		success	Archive candidate was not found in the local Ensembl 115 GTF
ENSPTRG00000020214	candidate_not_in_local_release115_gtf	ENSPTRG00000020214	1		64	ENSPTRG00000020214.4		success	Archive candidate was not found in the local Ensembl 115 GTF
ENSPTRG00000020225	candidate_not_in_local_release115_gtf	ENSPTRG00000020225	1		64	ENSPTRG00000020225.3		success	Archive candidate was not found in the local Ensembl 115 GTF
ENSPTRG00000020345	candidate_not_in_local_release115_gtf	ENSPTRG00000020345	1		64	ENSPTRG00000020345.4		success	Archive candidate was not found in the local Ensembl 115 GTF
ENSPTRG00000020350	candidate_not_in_local_release115_gtf	ENSPTRG00000020350	1		90	ENSPTRG00000020350.2		success	Archive candidate was not found in the local Ensembl 115 GTF
ENSPTRG00000020365	candidate_not_in_local_release115_gtf	ENSPTRG00000020365	1		90	ENSPTRG00000020365.4		success	Archive candidate was not found in the local Ensembl 115 GTF
ENSPTRG00000020566	candidate_not_in_local_release115_gtf	ENSPTRG00000020566	1		90	ENSPTRG00000020566.3		success	Archive candidate was not found in the local Ensembl 115 GTF
ENSPTRG00000020621	candidate_not_in_local_release115_gtf	ENSPTRG00000020621	1		90	ENSPTRG00000020621.5		success	Archive candidate was not found in the local Ensembl 115 GTF
ENSPTRG00000020649	candidate_not_in_local_release115_gtf	ENSPTRG00000020649	1		90	ENSPTRG00000020649.2		success	Archive candidate was not found in the local Ensembl 115 GTF
ENSPTRG00000020929	candidate_not_in_local_release115_gtf	ENSPTRG00000020929	1		64	ENSPTRG00000020929.4		success	Archive candidate was not found in the local Ensembl 115 GTF
ENSPTRG00000020996	candidate_not_in_local_release115_gtf	ENSPTRG00000020996	1		90	ENSPTRG00000020996.6		success	Archive candidate was not found in the local Ensembl 115 GTF
ENSPTRG00000021004	candidate_not_in_local_release115_gtf	ENSPTRG00000021004	1		64	ENSPTRG00000021004.4		success	Archive candidate was not found in the local Ensembl 115 GTF
ENSPTRG00000021021	candidate_not_in_local_release115_gtf	ENSPTRG00000021021	1		64	ENSPTRG00000021021.4		success	Archive candidate was not found in the local Ensembl 115 GTF
ENSPTRG00000021126	candidate_not_in_local_release115_gtf	ENSPTRG00000021126	1		90	ENSPTRG00000021126.6		success	Archive candidate was not found in the local Ensembl 115 GTF
ENSPTRG00000021199	candidate_not_in_local_release115_gtf	ENSPTRG00000021199	1		90	ENSPTRG00000021199.2		success	Archive candidate was not found in the local Ensembl 115 GTF
ENSPTRG00000021528	candidate_not_in_local_release115_gtf	ENSPTRG00000021528	1		64	ENSPTRG00000021528.4		success	Archive candidate was not found in the local Ensembl 115 GTF
ENSPTRG00000021558	candidate_not_in_local_release115_gtf	ENSPTRG00000021558	1		64	ENSPTRG00000021558.5		success	Archive candidate was not found in the local Ensembl 115 GTF
ENSPTRG00000021677	candidate_not_in_local_release115_gtf	ENSPTRG00000021677	1		90	ENSPTRG00000021677.5		success	Archive candidate was not found in the local Ensembl 115 GTF
ENSPTRG00000021723	candidate_not_in_local_release115_gtf	ENSPTRG00000021723	1		64	ENSPTRG00000021723.4		success	Archive candidate was not found in the local Ensembl 115 GTF
ENSPTRG00000021729	candidate_not_in_local_release115_gtf	ENSPTRG00000021729	1		64	ENSPTRG00000021729.5		success	Archive candidate was not found in the local Ensembl 115 GTF
ENSPTRG00000021745	candidate_not_in_local_release115_gtf	ENSPTRG00000021745	1		64	ENSPTRG00000021745.4		success	Archive candidate was not found in the local Ensembl 115 GTF
ENSPTRG00000021786	candidate_not_in_local_release115_gtf	ENSPTRG00000021786	1		90	ENSPTRG00000021786.5		success	Archive candidate was not found in the local Ensembl 115 GTF
ENSPTRG00000021801	candidate_not_in_local_release115_gtf	ENSPTRG00000021801	1		90	ENSPTRG00000021801.3		success	Archive candidate was not found in the local Ensembl 115 GTF
ENSPTRG00000021808	candidate_not_in_local_release115_gtf	ENSPTRG00000021808	1		64	ENSPTRG00000021808.4		success	Archive candidate was not found in the local Ensembl 115 GTF
ENSPTRG00000021821	candidate_not_in_local_release115_gtf	ENSPTRG00000021821	1		90	ENSPTRG00000021821.3		success	Archive candidate was not found in the local Ensembl 115 GTF
ENSPTRG00000021838	candidate_not_in_local_release115_gtf	ENSPTRG00000021838	1		64	ENSPTRG00000021838.3		success	Archive candidate was not found in the local Ensembl 115 GTF
ENSPTRG00000021981	candidate_not_in_local_release115_gtf	ENSPTRG00000021981	1		90	ENSPTRG00000021981.4		success	Archive candidate was not found in the local Ensembl 115 GTF
ENSPTRG00000022019	candidate_not_in_local_release115_gtf	ENSPTRG00000022019	1		64	ENSPTRG00000022019.4		success	Archive candidate was not found in the local Ensembl 115 GTF
ENSPTRG00000022022	candidate_not_in_local_release115_gtf	ENSPTRG00000022022	1		64	ENSPTRG00000022022.3		success	Archive candidate was not found in the local Ensembl 115 GTF
ENSPTRG00000022028	candidate_not_in_local_release115_gtf	ENSPTRG00000022028	1		64	ENSPTRG00000022028.4		success	Archive candidate was not found in the local Ensembl 115 GTF
ENSPTRG00000022039	candidate_not_in_local_release115_gtf	ENSPTRG00000022039	1		64	ENSPTRG00000022039.3		success	Archive candidate was not found in the local Ensembl 115 GTF
ENSPTRG00000022105	candidate_not_in_local_release115_gtf	ENSPTRG00000022105	1		64	ENSPTRG00000022105.3		success	Archive candidate was not found in the local Ensembl 115 GTF
ENSPTRG00000022109	replacement_not_protein_coding	ENSPTRG00000022109	1	pseudogene	116	ENSPTRG00000022109.5	1	success	Candidate exists in local Ensembl 115 GTF but is not protein_coding
ENSPTRG00000022112	candidate_not_in_local_release115_gtf	ENSPTRG00000022112	1		90	ENSPTRG00000022112.5		success	Archive candidate was not found in the local Ensembl 115 GTF
ENSPTRG00000022117	candidate_not_in_local_release115_gtf	ENSPTRG00000022117	1		64	ENSPTRG00000022117.4		success	Archive candidate was not found in the local Ensembl 115 GTF
ENSPTRG00000022123	candidate_not_in_local_release115_gtf	ENSPTRG00000022123	1		64	ENSPTRG00000022123.4		success	Archive candidate was not found in the local Ensembl 115 GTF
ENSPTRG00000022131	candidate_not_in_local_release115_gtf	ENSPTRG00000022131	1		90	ENSPTRG00000022131.5		success	Archive candidate was not found in the local Ensembl 115 GTF
ENSPTRG00000022239	candidate_not_in_local_release115_gtf	ENSPTRG00000022239	1		64	ENSPTRG00000022239.4		success	Archive candidate was not found in the local Ensembl 115 GTF
ENSPTRG00000022261	candidate_not_in_local_release115_gtf	ENSPTRG00000022261	1		64	ENSPTRG00000022261.4		success	Archive candidate was not found in the local Ensembl 115 GTF
ENSPTRG00000022400	candidate_not_in_local_release115_gtf	ENSPTRG00000022400	1		64	ENSPTRG00000022400.4		success	Archive candidate was not found in the local Ensembl 115 GTF
ENSPTRG00000022431	candidate_not_in_local_release115_gtf	ENSPTRG00000022431	1		90	ENSPTRG00000022431.4		success	Archive candidate was not found in the local Ensembl 115 GTF
ENSPTRG00000022432	candidate_not_in_local_release115_gtf	ENSPTRG00000022432	1		64	ENSPTRG00000022432.5		success	Archive candidate was not found in the local Ensembl 115 GTF
ENSPTRG00000022441	candidate_not_in_local_release115_gtf	ENSPTRG00000022441	1		64	ENSPTRG00000022441.3		success	Archive candidate was not found in the local Ensembl 115 GTF
ENSPTRG00000022458	candidate_not_in_local_release115_gtf	ENSPTRG00000022458	1		90	ENSPTRG00000022458.5		success	Archive candidate was not found in the local Ensembl 115 GTF
ENSPTRG00000022467	candidate_not_in_local_release115_gtf	ENSPTRG00000022467	1		90	ENSPTRG00000022467.5		success	Archive candidate was not found in the local Ensembl 115 GTF
ENSPTRG00000022744	candidate_not_in_local_release115_gtf	ENSPTRG00000022744	1		90	ENSPTRG00000022744.4		success	Archive candidate was not found in the local Ensembl 115 GTF
ENSPTRG00000022752	candidate_not_in_local_release115_gtf	ENSPTRG00000022752	1		64	ENSPTRG00000022752.3		success	Archive candidate was not found in the local Ensembl 115 GTF
ENSPTRG00000022982	replacement_not_protein_coding	ENSPTRG00000022982	1	processed_pseudogene	116	ENSPTRG00000022982.5	1	success	Candidate exists in local Ensembl 115 GTF but is not protein_coding
ENSPTRG00000023020	candidate_not_in_local_release115_gtf	ENSPTRG00000023020	1		90	ENSPTRG00000023020.4		success	Archive candidate was not found in the local Ensembl 115 GTF
ENSPTRG00000023064	candidate_not_in_local_release115_gtf	ENSPTRG00000023064	1		90	ENSPTRG00000023064.3		success	Archive candidate was not found in the local Ensembl 115 GTF
ENSPTRG00000023172	candidate_not_in_local_release115_gtf	ENSPTRG00000023172	1		64	ENSPTRG00000023172.3		success	Archive candidate was not found in the local Ensembl 115 GTF
ENSPTRG00000023259	candidate_not_in_local_release115_gtf	ENSPTRG00000023259	1		90	ENSPTRG00000023259.3		success	Archive candidate was not found in the local Ensembl 115 GTF
ENSPTRG00000023423	candidate_not_in_local_release115_gtf	ENSPTRG00000023423	1		90	ENSPTRG00000023423.2		success	Archive candidate was not found in the local Ensembl 115 GTF
ENSPTRG00000023474	candidate_not_in_local_release115_gtf	ENSPTRG00000023474	1		64	ENSPTRG00000023474.3		success	Archive candidate was not found in the local Ensembl 115 GTF
ENSPTRG00000023475	candidate_not_in_local_release115_gtf	ENSPTRG00000023475	1		64	ENSPTRG00000023475.2		success	Archive candidate was not found in the local Ensembl 115 GTF
ENSPTRG00000023480	candidate_not_in_local_release115_gtf	ENSPTRG00000023480	1		90	ENSPTRG00000023480.3		success	Archive candidate was not found in the local Ensembl 115 GTF
ENSPTRG00000023661	candidate_not_in_local_release115_gtf	ENSPTRG00000023661	1		64	ENSPTRG00000023661.3		success	Archive candidate was not found in the local Ensembl 115 GTF
ENSPTRG00000023799	candidate_not_in_local_release115_gtf	ENSPTRG00000023799	1		90	ENSPTRG00000023799.3		success	Archive candidate was not found in the local Ensembl 115 GTF
ENSPTRG00000023826	candidate_not_in_local_release115_gtf	ENSPTRG00000023826	1		90	ENSPTRG00000023826.5		success	Archive candidate was not found in the local Ensembl 115 GTF
ENSPTRG00000023841	candidate_not_in_local_release115_gtf	ENSPTRG00000023841	1		64	ENSPTRG00000023841.3		success	Archive candidate was not found in the local Ensembl 115 GTF
ENSPTRG00000023867	candidate_not_in_local_release115_gtf	ENSPTRG00000023867	1		64	ENSPTRG00000023867.1		success	Archive candidate was not found in the local Ensembl 115 GTF
ENSPTRG00000023887	candidate_not_in_local_release115_gtf	ENSPTRG00000023887	1		90	ENSPTRG00000023887.4		success	Archive candidate was not found in the local Ensembl 115 GTF
ENSPTRG00000023949	candidate_not_in_local_release115_gtf	ENSPTRG00000023949	1		64	ENSPTRG00000023949.2		success	Archive candidate was not found in the local Ensembl 115 GTF
ENSPTRG00000023983	candidate_not_in_local_release115_gtf	ENSPTRG00000023983	1		90	ENSPTRG00000023983.4		success	Archive candidate was not found in the local Ensembl 115 GTF
ENSPTRG00000024131	candidate_not_in_local_release115_gtf	ENSPTRG00000024131	1		90	ENSPTRG00000024131.4		success	Archive candidate was not found in the local Ensembl 115 GTF
ENSPTRG00000024145	replacement_not_protein_coding	ENSPTRG00000024145	1	processed_pseudogene	116	ENSPTRG00000024145.5	1	success	Candidate exists in local Ensembl 115 GTF but is not protein_coding
ENSPTRG00000024148	candidate_not_in_local_release115_gtf	ENSPTRG00000024148	1		64	ENSPTRG00000024148.2		success	Archive candidate was not found in the local Ensembl 115 GTF
ENSPTRG00000024258	candidate_not_in_local_release115_gtf	ENSPTRG00000024258	1		64	ENSPTRG00000024258.3		success	Archive candidate was not found in the local Ensembl 115 GTF
ENSPTRG00000024289	candidate_not_in_local_release115_gtf	ENSPTRG00000024289	1		64	ENSPTRG00000024289.3		success	Archive candidate was not found in the local Ensembl 115 GTF
ENSPTRG00000024418	replacement_not_protein_coding	ENSPTRG00000024418	1	snoRNA	116	ENSPTRG00000024418.2	1	success	Candidate exists in local Ensembl 115 GTF but is not protein_coding
ENSPTRG00000025652	replacement_not_protein_coding	ENSPTRG00000025652	1	snoRNA	116	ENSPTRG00000025652.2	1	success	Candidate exists in local Ensembl 115 GTF but is not protein_coding
ENSPTRG00000025761	candidate_not_in_local_release115_gtf	ENSPTRG00000025761	1		90	ENSPTRG00000025761.1		success	Archive candidate was not found in the local Ensembl 115 GTF
ENSPTRG00000025795	replacement_not_protein_coding	ENSPTRG00000025795	1	snoRNA	116	ENSPTRG00000025795.2	1	success	Candidate exists in local Ensembl 115 GTF but is not protein_coding
ENSPTRG00000025837	candidate_not_in_local_release115_gtf	ENSPTRG00000025837	1		64	ENSPTRG00000025837.1		success	Archive candidate was not found in the local Ensembl 115 GTF
ENSPTRG00000026086	replacement_not_protein_coding	ENSPTRG00000026086	1	snoRNA	116	ENSPTRG00000026086.2	1	success	Candidate exists in local Ensembl 115 GTF but is not protein_coding
ENSPTRG00000026112	candidate_not_in_local_release115_gtf	ENSPTRG00000026112	1		64	ENSPTRG00000026112.2		success	Archive candidate was not found in the local Ensembl 115 GTF
ENSPTRG00000026273	replacement_not_protein_coding	ENSPTRG00000026273	1	snoRNA	116	ENSPTRG00000026273.2	1	success	Candidate exists in local Ensembl 115 GTF but is not protein_coding
ENSPTRG00000026567	candidate_not_in_local_release115_gtf	ENSPTRG00000026567	1		90	ENSPTRG00000026567.4		success	Archive candidate was not found in the local Ensembl 115 GTF
ENSPTRG00000026744	candidate_not_in_local_release115_gtf	ENSPTRG00000026744	1		52	ENSPTRG00000026744.1		success	Archive candidate was not found in the local Ensembl 115 GTF
ENSPTRG00000027152	replacement_not_protein_coding	ENSPTRG00000027152	1	snoRNA	116	ENSPTRG00000027152.2	1	success	Candidate exists in local Ensembl 115 GTF but is not protein_coding
ENSPTRG00000028025	candidate_not_in_local_release115_gtf	ENSPTRG00000028025	1		90	ENSPTRG00000028025.1		success	Archive candidate was not found in the local Ensembl 115 GTF
ENSPTRG00000028129	candidate_not_in_local_release115_gtf	ENSPTRG00000028129	1		64	ENSPTRG00000028129.1		success	Archive candidate was not found in the local Ensembl 115 GTF
ENSPTRG00000028131	candidate_not_in_local_release115_gtf	ENSPTRG00000028131	1		64	ENSPTRG00000028131.1		success	Archive candidate was not found in the local Ensembl 115 GTF
ENSPTRG00000028132	candidate_not_in_local_release115_gtf	ENSPTRG00000028132	1		64	ENSPTRG00000028132.1		success	Archive candidate was not found in the local Ensembl 115 GTF
ENSPTRG00000028133	candidate_not_in_local_release115_gtf	ENSPTRG00000028133	1		64	ENSPTRG00000028133.1		success	Archive candidate was not found in the local Ensembl 115 GTF
ENSPTRG00000028134	candidate_not_in_local_release115_gtf	ENSPTRG00000028134	1		64	ENSPTRG00000028134.1		success	Archive candidate was not found in the local Ensembl 115 GTF
ENSPTRG00000028136	candidate_not_in_local_release115_gtf	ENSPTRG00000028136	1		64	ENSPTRG00000028136.1		success	Archive candidate was not found in the local Ensembl 115 GTF
ENSPTRG00000028137	candidate_not_in_local_release115_gtf	ENSPTRG00000028137	1		64	ENSPTRG00000028137.1		success	Archive candidate was not found in the local Ensembl 115 GTF
ENSPTRG00000028138	candidate_not_in_local_release115_gtf	ENSPTRG00000028138	1		64	ENSPTRG00000028138.1		success	Archive candidate was not found in the local Ensembl 115 GTF
ENSPTRG00000028139	candidate_not_in_local_release115_gtf	ENSPTRG00000028139	1		64	ENSPTRG00000028139.1		success	Archive candidate was not found in the local Ensembl 115 GTF
ENSPTRG00000028140	candidate_not_in_local_release115_gtf	ENSPTRG00000028140	1		64	ENSPTRG00000028140.1		success	Archive candidate was not found in the local Ensembl 115 GTF
ENSPTRG00000028141	candidate_not_in_local_release115_gtf	ENSPTRG00000028141	1		64	ENSPTRG00000028141.1		success	Archive candidate was not found in the local Ensembl 115 GTF
ENSPTRG00000028142	candidate_not_in_local_release115_gtf	ENSPTRG00000028142	1		64	ENSPTRG00000028142.1		success	Archive candidate was not found in the local Ensembl 115 GTF
ENSPTRG00000028158	candidate_not_in_local_release115_gtf	ENSPTRG00000028158	1		64	ENSPTRG00000028158.1		success	Archive candidate was not found in the local Ensembl 115 GTF
ENSPTRG00000028160	candidate_not_in_local_release115_gtf	ENSPTRG00000028160	1		64	ENSPTRG00000028160.1		success	Archive candidate was not found in the local Ensembl 115 GTF
ENSPTRG00000028162	candidate_not_in_local_release115_gtf	ENSPTRG00000028162	1		64	ENSPTRG00000028162.1		success	Archive candidate was not found in the local Ensembl 115 GTF
ENSPTRG00000028165	ambiguous_multiple_protein_coding	ENSPTRG00000046305;ENSPTRG00000052307	2		90	ENSPTRG00000028165.3		success	Multiple local protein-coding candidates; not rescued automatically
ENSPTRG00000028174	candidate_not_in_local_release115_gtf	ENSPTRG00000028174	1		64	ENSPTRG00000028174.2		success	Archive candidate was not found in the local Ensembl 115 GTF
ENSPTRG00000028245	replacement_not_protein_coding	ENSPTRG00000028245	1	processed_pseudogene	116	ENSPTRG00000028245.2	1	success	Candidate exists in local Ensembl 115 GTF but is not protein_coding
ENSPTRG00000028323	candidate_not_in_local_release115_gtf	ENSPTRG00000028323	1		64	ENSPTRG00000028323.1		success	Archive candidate was not found in the local Ensembl 115 GTF
ENSPTRG00000028326	candidate_not_in_local_release115_gtf	ENSPTRG00000028326	1		64	ENSPTRG00000028326.1		success	Archive candidate was not found in the local Ensembl 115 GTF
ENSPTRG00000028479	candidate_not_in_local_release115_gtf	ENSPTRG00000028479	1		64	ENSPTRG00000028479.1		success	Archive candidate was not found in the local Ensembl 115 GTF
ENSPTRG00000028548	candidate_not_in_local_release115_gtf	ENSPTRG00000028548	1		90	ENSPTRG00000028548.1		success	Archive candidate was not found in the local Ensembl 115 GTF
ENSPTRG00000028689	candidate_not_in_local_release115_gtf	ENSPTRG00000028689	1		64	ENSPTRG00000028689.1		success	Archive candidate was not found in the local Ensembl 115 GTF
ENSPTRG00000028693	candidate_not_in_local_release115_gtf	ENSPTRG00000028693	1		64	ENSPTRG00000028693.1		success	Archive candidate was not found in the local Ensembl 115 GTF
ENSPTRG00000028723	candidate_not_in_local_release115_gtf	ENSPTRG00000028723	1		64	ENSPTRG00000028723.1		success	Archive candidate was not found in the local Ensembl 115 GTF
ENSPTRG00000028740	candidate_not_in_local_release115_gtf	ENSPTRG00000028740	1		64	ENSPTRG00000028740.2		success	Archive candidate was not found in the local Ensembl 115 GTF
ENSPTRG00000028902	candidate_not_in_local_release115_gtf	ENSPTRG00000028902	1		64	ENSPTRG00000028902.2		success	Archive candidate was not found in the local Ensembl 115 GTF
ENSPTRG00000028919	candidate_not_in_local_release115_gtf	ENSPTRG00000028919	1		90	ENSPTRG00000028919.2		success	Archive candidate was not found in the local Ensembl 115 GTF
ENSPTRG00000029024	candidate_not_in_local_release115_gtf	ENSPTRG00000029024	1		64	ENSPTRG00000029024.2		success	Archive candidate was not found in the local Ensembl 115 GTF
ENSPTRG00000029029	candidate_not_in_local_release115_gtf	ENSPTRG00000029029	1		90	ENSPTRG00000029029.2		success	Archive candidate was not found in the local Ensembl 115 GTF
ENSPTRG00000029113	replacement_not_protein_coding	ENSPTRG00000029113	1	pseudogene	116	ENSPTRG00000029113.3	1	success	Candidate exists in local Ensembl 115 GTF but is not protein_coding
ENSPTRG00000029115	candidate_not_in_local_release115_gtf	ENSPTRG00000029115	1		64	ENSPTRG00000029115.1		success	Archive candidate was not found in the local Ensembl 115 GTF
ENSPTRG00000029147	candidate_not_in_local_release115_gtf	ENSPTRG00000029147	1		64	ENSPTRG00000029147.1		success	Archive candidate was not found in the local Ensembl 115 GTF
ENSPTRG00000029240	candidate_not_in_local_release115_gtf	ENSPTRG00000029240	1		64	ENSPTRG00000029240.1		success	Archive candidate was not found in the local Ensembl 115 GTF
ENSPTRG00000029390	candidate_not_in_local_release115_gtf	ENSPTRG00000029390	1		64	ENSPTRG00000029390.1		success	Archive candidate was not found in the local Ensembl 115 GTF
ENSPTRG00000029487	candidate_not_in_local_release115_gtf	ENSPTRG00000029487	1		90	ENSPTRG00000029487.4		success	Archive candidate was not found in the local Ensembl 115 GTF
ENSPTRG00000029526	candidate_not_in_local_release115_gtf	ENSPTRG00000029526	1		64	ENSPTRG00000029526.2		success	Archive candidate was not found in the local Ensembl 115 GTF
ENSPTRG00000029534	candidate_not_in_local_release115_gtf	ENSPTRG00000029534	1		90	ENSPTRG00000029534.2		success	Archive candidate was not found in the local Ensembl 115 GTF
ENSPTRG00000029773	candidate_not_in_local_release115_gtf	ENSPTRG00000029773	1		90	ENSPTRG00000029773.1		success	Archive candidate was not found in the local Ensembl 115 GTF
ENSPTRG00000029813	candidate_not_in_local_release115_gtf	ENSPTRG00000029813	1		90	ENSPTRG00000029813.3		success	Archive candidate was not found in the local Ensembl 115 GTF
ENSPTRG00000029820	candidate_not_in_local_release115_gtf	ENSPTRG00000029820	1		90	ENSPTRG00000029820.3		success	Archive candidate was not found in the local Ensembl 115 GTF
ENSPTRG00000029878	replacement_not_protein_coding	ENSPTRG00000029878	1	pseudogene	116	ENSPTRG00000029878.3	1	success	Candidate exists in local Ensembl 115 GTF but is not protein_coding
ENSPTRG00000029930	candidate_not_in_local_release115_gtf	ENSPTRG00000029930	1		90	ENSPTRG00000029930.2		success	Archive candidate was not found in the local Ensembl 115 GTF
ENSPTRG00000030086	candidate_not_in_local_release115_gtf	ENSPTRG00000030086	1		64	ENSPTRG00000030086.3		success	Archive candidate was not found in the local Ensembl 115 GTF
ENSPTRG00000030137	candidate_not_in_local_release115_gtf	ENSPTRG00000030137	1		64	ENSPTRG00000030137.1		success	Archive candidate was not found in the local Ensembl 115 GTF
ENSPTRG00000030224	candidate_not_in_local_release115_gtf	ENSPTRG00000030224	1		90	ENSPTRG00000030224.1		success	Archive candidate was not found in the local Ensembl 115 GTF
ENSPTRG00000030303	candidate_not_in_local_release115_gtf	ENSPTRG00000030303	1		90	ENSPTRG00000030303.3		success	Archive candidate was not found in the local Ensembl 115 GTF
ENSPTRG00000030309	candidate_not_in_local_release115_gtf	ENSPTRG00000030309	1		90	ENSPTRG00000030309.2		success	Archive candidate was not found in the local Ensembl 115 GTF
ENSPTRG00000030724	candidate_not_in_local_release115_gtf	ENSPTRG00000030724	1		64	ENSPTRG00000030724.2		success	Archive candidate was not found in the local Ensembl 115 GTF
ENSPTRG00000030738	candidate_not_in_local_release115_gtf	ENSPTRG00000030738	1		90	ENSPTRG00000030738.2		success	Archive candidate was not found in the local Ensembl 115 GTF
ENSPTRG00000030896	candidate_not_in_local_release115_gtf	ENSPTRG00000030896	1		64	ENSPTRG00000030896.1		success	Archive candidate was not found in the local Ensembl 115 GTF
ENSPTRG00000031076	candidate_not_in_local_release115_gtf	ENSPTRG00000031076	1		64	ENSPTRG00000031076.2		success	Archive candidate was not found in the local Ensembl 115 GTF
ENSPTRG00000031106	replacement_not_protein_coding	ENSPTRG00000031106	1	processed_pseudogene	116	ENSPTRG00000031106.2	1	success	Candidate exists in local Ensembl 115 GTF but is not protein_coding
ENSPTRG00000031149	candidate_not_in_local_release115_gtf	ENSPTRG00000031149	1		64	ENSPTRG00000031149.1		success	Archive candidate was not found in the local Ensembl 115 GTF
ENSPTRG00000031188	replacement_not_protein_coding	ENSPTRG00000031188	1	pseudogene	116	ENSPTRG00000031188.3	1	success	Candidate exists in local Ensembl 115 GTF but is not protein_coding
ENSPTRG00000031198	candidate_not_in_local_release115_gtf	ENSPTRG00000031198	1		90	ENSPTRG00000031198.2		success	Archive candidate was not found in the local Ensembl 115 GTF
ENSPTRG00000031309	candidate_not_in_local_release115_gtf	ENSPTRG00000031309	1		90	ENSPTRG00000031309.1		success	Archive candidate was not found in the local Ensembl 115 GTF
ENSPTRG00000031337	candidate_not_in_local_release115_gtf	ENSPTRG00000031337	1		64	ENSPTRG00000031337.1		success	Archive candidate was not found in the local Ensembl 115 GTF
ENSPTRG00000031344	candidate_not_in_local_release115_gtf	ENSPTRG00000031344	1		64	ENSPTRG00000031344.3		success	Archive candidate was not found in the local Ensembl 115 GTF
ENSPTRG00000031432	candidate_not_in_local_release115_gtf	ENSPTRG00000031432	1		90	ENSPTRG00000031432.3		success	Archive candidate was not found in the local Ensembl 115 GTF
ENSPTRG00000031488	candidate_not_in_local_release115_gtf	ENSPTRG00000031488	1		90	ENSPTRG00000031488.3		success	Archive candidate was not found in the local Ensembl 115 GTF
ENSPTRG00000031502	candidate_not_in_local_release115_gtf	ENSPTRG00000031502;ENSPTRG00000040209	2		64	ENSPTRG00000031502.1		success	Archive candidate was not found in the local Ensembl 115 GTF
ENSPTRG00000031669	candidate_not_in_local_release115_gtf	ENSPTRG00000031669	1		52	ENSPTRG00000031669.1		success	Archive candidate was not found in the local Ensembl 115 GTF
ENSPTRG00000032479	candidate_not_in_local_release115_gtf	ENSPTRG00000032479	1		64	ENSPTRG00000032479.2		success	Archive candidate was not found in the local Ensembl 115 GTF
ENSPTRG00000032498	candidate_not_in_local_release115_gtf	ENSPTRG00000032498	1		64	ENSPTRG00000032498.1		success	Archive candidate was not found in the local Ensembl 115 GTF
ENSPTRG00000032507	candidate_not_in_local_release115_gtf	ENSPTRG00000032507	1		64	ENSPTRG00000032507.1		success	Archive candidate was not found in the local Ensembl 115 GTF
ENSPTRG00000032706	replacement_not_protein_coding	ENSPTRG00000032706	1	snoRNA	116	ENSPTRG00000032706.2	1	success	Candidate exists in local Ensembl 115 GTF but is not protein_coding
ENSPTRG00000032916	candidate_not_in_local_release115_gtf	ENSPTRG00000032916	1		52	ENSPTRG00000032916.1		success	Archive candidate was not found in the local Ensembl 115 GTF
ENSPTRG00000033099	candidate_not_in_local_release115_gtf	ENSPTRG00000033099	1		52	ENSPTRG00000033099.1		success	Archive candidate was not found in the local Ensembl 115 GTF
ENSPTRG00000033518	replacement_not_protein_coding	ENSPTRG00000033518	1	miRNA	116	ENSPTRG00000033518.2	1	success	Candidate exists in local Ensembl 115 GTF but is not protein_coding
ENSPTRG00000033674	candidate_not_in_local_release115_gtf	ENSPTRG00000033674	1		64	ENSPTRG00000033674.1		success	Archive candidate was not found in the local Ensembl 115 GTF
ENSPTRG00000033699	candidate_not_in_local_release115_gtf	ENSPTRG00000033699	1		90	ENSPTRG00000033699.1		success	Archive candidate was not found in the local Ensembl 115 GTF
ENSPTRG00000033709	candidate_not_in_local_release115_gtf	ENSPTRG00000033709	1		64	ENSPTRG00000033709.1		success	Archive candidate was not found in the local Ensembl 115 GTF
ENSPTRG00000033722	candidate_not_in_local_release115_gtf	ENSPTRG00000033722	1		90	ENSPTRG00000033722.1		success	Archive candidate was not found in the local Ensembl 115 GTF
ENSPTRG00000033769	candidate_not_in_local_release115_gtf	ENSPTRG00000033769	1		90	ENSPTRG00000033769.2		success	Archive candidate was not found in the local Ensembl 115 GTF
ENSPTRG00000033828	candidate_not_in_local_release115_gtf	ENSPTRG00000033828	1		90	ENSPTRG00000033828.1		success	Archive candidate was not found in the local Ensembl 115 GTF
ENSPTRG00000033852	candidate_not_in_local_release115_gtf	ENSPTRG00000033852	1		64	ENSPTRG00000033852.1		success	Archive candidate was not found in the local Ensembl 115 GTF
ENSPTRG00000033865	candidate_not_in_local_release115_gtf	ENSPTRG00000033865	1		64	ENSPTRG00000033865.1		success	Archive candidate was not found in the local Ensembl 115 GTF
ENSPTRG00000033939	candidate_not_in_local_release115_gtf	ENSPTRG00000033939	1		64	ENSPTRG00000033939.1		success	Archive candidate was not found in the local Ensembl 115 GTF
ENSPTRG00000033943	candidate_not_in_local_release115_gtf	ENSPTRG00000033943	1		64	ENSPTRG00000033943.1		success	Archive candidate was not found in the local Ensembl 115 GTF
ENSPTRG00000033947	candidate_not_in_local_release115_gtf	ENSPTRG00000033947	1		64	ENSPTRG00000033947.1		success	Archive candidate was not found in the local Ensembl 115 GTF
ENSPTRG00000033967	candidate_not_in_local_release115_gtf	ENSPTRG00000033967	1		64	ENSPTRG00000033967.1		success	Archive candidate was not found in the local Ensembl 115 GTF
ENSPTRG00000033986	candidate_not_in_local_release115_gtf	ENSPTRG00000033986	1		64	ENSPTRG00000033986.1		success	Archive candidate was not found in the local Ensembl 115 GTF
ENSPTRG00000034020	candidate_not_in_local_release115_gtf	ENSPTRG00000034020	1		90	ENSPTRG00000034020.2		success	Archive candidate was not found in the local Ensembl 115 GTF
ENSPTRG00000034047	candidate_not_in_local_release115_gtf	ENSPTRG00000034047	1		64	ENSPTRG00000034047.1		success	Archive candidate was not found in the local Ensembl 115 GTF
ENSPTRG00000034057	candidate_not_in_local_release115_gtf	ENSPTRG00000034057	1		64	ENSPTRG00000034057.1		success	Archive candidate was not found in the local Ensembl 115 GTF
ENSPTRG00000034094	candidate_not_in_local_release115_gtf	ENSPTRG00000034094	1		64	ENSPTRG00000034094.1		success	Archive candidate was not found in the local Ensembl 115 GTF
ENSPTRG00000034112	candidate_not_in_local_release115_gtf	ENSPTRG00000034112	1		64	ENSPTRG00000034112.1		success	Archive candidate was not found in the local Ensembl 115 GTF
ENSPTRG00000034121	candidate_not_in_local_release115_gtf	ENSPTRG00000034121	1		64	ENSPTRG00000034121.1		success	Archive candidate was not found in the local Ensembl 115 GTF
ENSPTRG00000034150	candidate_not_in_local_release115_gtf	ENSPTRG00000034150	1		64	ENSPTRG00000034150.1		success	Archive candidate was not found in the local Ensembl 115 GTF
ENSPTRG00000034165	candidate_not_in_local_release115_gtf	ENSPTRG00000034165	1		64	ENSPTRG00000034165.1		success	Archive candidate was not found in the local Ensembl 115 GTF
ENSPTRG00000034174	candidate_not_in_local_release115_gtf	ENSPTRG00000034174	1		90	ENSPTRG00000034174.1		success	Archive candidate was not found in the local Ensembl 115 GTF
ENSPTRG00000034197	candidate_not_in_local_release115_gtf	ENSPTRG00000034197	1		64	ENSPTRG00000034197.1		success	Archive candidate was not found in the local Ensembl 115 GTF
ENSPTRG00000034217	candidate_not_in_local_release115_gtf	ENSPTRG00000034217	1		64	ENSPTRG00000034217.1		success	Archive candidate was not found in the local Ensembl 115 GTF
ENSPTRG00000034271	candidate_not_in_local_release115_gtf	ENSPTRG00000034271	1		64	ENSPTRG00000034271.1		success	Archive candidate was not found in the local Ensembl 115 GTF
ENSPTRG00000034299	candidate_not_in_local_release115_gtf	ENSPTRG00000034299	1		64	ENSPTRG00000034299.1		success	Archive candidate was not found in the local Ensembl 115 GTF
ENSPTRG00000034327	candidate_not_in_local_release115_gtf	ENSPTRG00000034327	1		64	ENSPTRG00000034327.1		success	Archive candidate was not found in the local Ensembl 115 GTF
ENSPTRG00000034380	candidate_not_in_local_release115_gtf	ENSPTRG00000034380	1		90	ENSPTRG00000034380.1		success	Archive candidate was not found in the local Ensembl 115 GTF
ENSPTRG00000034391	candidate_not_in_local_release115_gtf	ENSPTRG00000034391	1		64	ENSPTRG00000034391.1		success	Archive candidate was not found in the local Ensembl 115 GTF
ENSPTRG00000034403	candidate_not_in_local_release115_gtf	ENSPTRG00000034403	1		64	ENSPTRG00000034403.1		success	Archive candidate was not found in the local Ensembl 115 GTF
ENSPTRG00000034422	candidate_not_in_local_release115_gtf	ENSPTRG00000034422	1		90	ENSPTRG00000034422.1		success	Archive candidate was not found in the local Ensembl 115 GTF
ENSPTRG00000034429	candidate_not_in_local_release115_gtf	ENSPTRG00000034429	1		64	ENSPTRG00000034429.1		success	Archive candidate was not found in the local Ensembl 115 GTF
ENSPTRG00000034447	candidate_not_in_local_release115_gtf	ENSPTRG00000034447	1		90	ENSPTRG00000034447.2		success	Archive candidate was not found in the local Ensembl 115 GTF
ENSPTRG00000034450	candidate_not_in_local_release115_gtf	ENSPTRG00000034450	1		64	ENSPTRG00000034450.1		success	Archive candidate was not found in the local Ensembl 115 GTF
ENSPTRG00000034457	candidate_not_in_local_release115_gtf	ENSPTRG00000034457	1		64	ENSPTRG00000034457.1		success	Archive candidate was not found in the local Ensembl 115 GTF
ENSPTRG00000034545	candidate_not_in_local_release115_gtf	ENSPTRG00000034545	1		64	ENSPTRG00000034545.1		success	Archive candidate was not found in the local Ensembl 115 GTF
ENSPTRG00000034629	replacement_not_protein_coding	ENSPTRG00000034629	1	miRNA	116	ENSPTRG00000034629.2	1	success	Candidate exists in local Ensembl 115 GTF but is not protein_coding
ENSPTRG00000034734	candidate_not_in_local_release115_gtf	ENSPTRG00000034734	1		64	ENSPTRG00000034734.1		success	Archive candidate was not found in the local Ensembl 115 GTF
ENSPTRG00000035024	replacement_not_protein_coding	ENSPTRG00000043121;ENSPTRG00000051909	2	miRNA	90	ENSPTRG00000035024.1		success	Candidate exists in local Ensembl 115 GTF but is not protein_coding
ENSPTRG00000035985	candidate_not_in_local_release115_gtf	ENSPTRG00000035985	1		52	ENSPTRG00000035985.1		success	Archive candidate was not found in the local Ensembl 115 GTF
ENSPTRG00000036006	candidate_not_in_local_release115_gtf	ENSPTRG00000036006	1		52	ENSPTRG00000036006.1		success	Archive candidate was not found in the local Ensembl 115 GTF
ENSPTRG00000036255	candidate_not_in_local_release115_gtf	ENSPTRG00000036255	1		52	ENSPTRG00000036255.1		success	Archive candidate was not found in the local Ensembl 115 GTF
